Step,body_V,body_I,source_V,source_I,drain_V,drain_I,gate_V
mos2d,0.0,-1.196518389421375e-15,0.0,-0.0001270069363280426,0.05,0.0001270069379522006,0.49999999999999994
mos2d,0.0,-1.6552004152347387e-15,0.0,-0.00019643844437042927,0.1,0.00019643842977718208,0.49999999999999994
mos2d,0.0,-1.8987091260407046e-15,0.0,-0.0002379687154312399,0.15000000000000002,0.00023796873689307601,0.49999999999999994
mos2d,0.0,-2.051339952873536e-15,0.0,-0.00027063843392831875,0.2,0.000270638402440508,0.49999999999999994
mos2d,0.0,-2.166599680242336e-15,0.0,-0.0003007879925453131,0.25,0.0003007879046451965,0.49999999999999994
mos2d,0.0,-2.2769398849141525e-15,0.0,-0.0003301489925905654,0.3,0.00033014900126668864,0.49999999999999994
mos2d,0.0,-2.3686023671710847e-15,0.0,-0.00035930661464494604,0.35,0.000359306630146854,0.49999999999999994
mos2d,0.0,-2.450518646745591e-15,0.0,-0.0003885612733744941,0.39999999999999997,0.00038856129488418445,0.49999999999999994
mos2d,0.0,-2.5131415902539664e-15,0.0,-0.0004180653398330745,0.44999999999999996,0.00041806521024730857,0.49999999999999994
mos2d,0.0,-2.5803292572729374e-15,0.0,-0.00044788136242200724,0.49999999999999994,0.00044788122699992197,0.49999999999999994
mos2d,0.0,-2.643306697531782e-15,0.0,-0.00047803665978901725,0.5499999999999999,0.0004780365244217911,0.49999999999999994
mos2d,0.0,-2.700756802889343e-15,0.0,-0.0005085324294566154,0.6,0.0005085322820740632,0.49999999999999994
mos2d,0.0,-2.7554257701795687e-15,0.0,-0.0005393573750550525,0.65,0.0005393572140619633,0.49999999999999994
mos2d,0.0,-2.8067547878479926e-15,0.0,-0.000570488780124082,0.7000000000000001,0.0005704886065917873,0.49999999999999994
mos2d,0.0,-2.855206774387102e-15,0.0,-0.0006018944230022937,0.7500000000000001,0.0006018942298120893,0.49999999999999994
mos2d,0.0,-2.9027483463640746e-15,0.0,-0.0006335351761651996,0.8000000000000002,0.0006335349597060071,0.49999999999999994
mos2d,0.0,-2.9478399483631174e-15,0.0,-0.0006653679785089731,0.8500000000000002,0.00066536773930979,0.49999999999999994
mos2d,0.0,-2.992906599099555e-15,0.0,-0.0006973432865037048,0.9000000000000002,0.0006973433324445588,0.49999999999999994
mos2d,0.0,-3.033611867868837e-15,0.0,-0.0007294245979510489,0.9500000000000003,0.0007294246444971124,0.49999999999999994
mos2d,0.0,-3.073045021905584e-15,0.0,-0.0007615638530774879,1.0000000000000002,0.0007615638988494081,0.49999999999999994
mos2d,0.0,-3.111328043438392e-15,0.0,-0.0007937215396394058,1.0500000000000003,0.0007937215820147862,0.49999999999999994
mos2d,0.0,-3.1482765181893175e-15,0.0,-0.0008258637533075633,1.1000000000000003,0.0008258637933033552,0.49999999999999994
mos2d,0.0,-3.1840592527844747e-15,0.0,-0.0008579626570351448,1.1500000000000004,0.0008579626942598502,0.49999999999999994
mos2d,0.0,-3.2185968028573608e-15,0.0,-0.0008899962582369309,1.2000000000000004,0.0008899962910923553,0.49999999999999994
mos2d,0.0,-3.2519607055847052e-15,0.0,-0.00092194781705833,1.2500000000000004,0.0009219478432003236,0.49999999999999994
mos2d,0.0,-3.2842859424633072e-15,0.0,-0.0009538050061857063,1.3000000000000005,0.0009538050259531026,0.49999999999999994
mos2d,0.0,-3.315442511441422e-15,0.0,-0.0009855589646916862,1.3500000000000005,0.000985558976235683,0.49999999999999994
mos2d,0.0,-3.3461106293630865e-15,0.0,-0.0010172033710619502,1.4000000000000006,0.0010172033747714482,0.49999999999999994
mos2d,0.0,-3.375062495298744e-15,0.0,-0.0010487337130868088,1.4500000000000006,0.0010487337075015604,0.49999999999999994
mos2d,0.0,-3.4031860334924023e-15,0.0,-0.0010801465683496687,1.5000000000000007,0.0010801465543596235,0.49999999999999994
mos2d,0.0,-3.429302104190853e-15,0.0,-0.0011114392103448718,1.5500000000000007,0.001111439184444342,0.49999999999999994
mos2d,0.0,-3.4552456485428598e-15,0.0,-0.0011426093804564495,1.6000000000000008,0.0011426093451827213,0.49999999999999994
mos2d,0.0,-3.480638414164909e-15,0.0,-0.001173655067975729,1.6500000000000008,0.0011736550192659912,0.49999999999999994
mos2d,0.0,-3.505357775360961e-15,0.0,-0.0012045745721488176,1.7000000000000008,0.001204574511659802,0.49999999999999994
mos2d,0.0,-3.528517284129675e-15,0.0,-0.001235366390760915,1.7500000000000009,0.0012353663164611462,0.49999999999999994
mos2d,0.0,-3.551959180257884e-15,0.0,-0.001266029269419535,1.800000000000001,0.0012660291795844626,0.49999999999999994
mos2d,0.0,-3.574676622024447e-15,0.0,-0.0012965623469902597,1.850000000000001,0.0012965622432852268,0.49999999999999994
mos2d,0.0,-3.597689372880451e-15,0.0,-0.0013269650547606724,1.900000000000001,0.0013269649370540298,0.49999999999999994
mos2d,0.0,-3.619522646032904e-15,0.0,-0.0013572373879381073,1.950000000000001,0.001357237255857098,0.49999999999999994
mos2d,0.0,-3.641226866263025e-15,0.0,-0.0013873798570737282,2.000000000000001,0.0013873797085155986,0.49999999999999994
mos2d,0.0,-3.663164942486463e-15,0.0,-0.0014173936808330341,2.0500000000000007,0.0014173935187024645,0.49999999999999994
mos2d,0.0,-3.6842975248140694e-15,0.0,-0.0014472806525046163,2.1000000000000005,0.001447280475468027,0.49999999999999994
mos2d,0.0,-3.705548238027961e-15,0.0,-0.0014770431349639132,2.1500000000000004,0.0014770429409972329,0.49999999999999994
mos2d,0.0,-3.72595637867066e-15,0.0,-0.0015066839943589597,2.2,0.001506683784698465,0.49999999999999994
mos2d,0.0,-3.745914040691147e-15,0.0,-0.0015362063692008167,2.25,0.0015362061437425953,0.49999999999999994
mos2d,0.0,-3.7659933575557e-15,0.0,-0.001565613610197607,2.3,0.0015656133710539371,0.49999999999999994
mos2d,0.0,-3.7857092054017115e-15,0.0,-0.0015949090804417258,2.3499999999999996,0.0015949088271160292,0.49999999999999994
mos2d,0.0,-3.804006304167213e-15,0.0,-0.0016240961250053325,2.3999999999999995,0.0016240958568737535,0.49999999999999994
mos2d,0.0,-3.822968701871917e-15,0.0,-0.0016531779516396339,2.4499999999999993,0.0016531776685523108,0.49999999999999994
mos2d,0.0,-3.841676390814315e-15,0.0,-0.0016821576140782788,2.499999999999999,0.0016821573158011952,0.49999999999999994
mos2d,0.0,-3.85949042796022e-15,0.0,-0.0017110379868175405,2.549999999999999,0.0017110376729651215,0.49999999999999994
mos2d,0.0,-3.877585637214323e-15,0.0,-0.001739821728725384,2.5999999999999988,0.0017398214000079269,0.49999999999999994
mos2d,0.0,-3.895969628427862e-15,0.0,-0.001768511323972953,2.6499999999999986,0.0017685109803271715,0.49999999999999994
mos2d,0.0,-3.914389847816226e-15,0.0,-0.0017971090777782958,2.6999999999999984,0.0017971087192726158,0.49999999999999994
mos2d,0.0,-3.930471701659163e-15,0.0,-0.0018256171567951418,2.7499999999999982,0.0018256167828631326,0.49999999999999994
mos2d,0.0,-3.949269604513741e-15,0.0,-0.0018540375320015583,2.799999999999998,0.0018540371459047254,0.49999999999999994
mos2d,0.0,-3.9667472328811075e-15,0.0,-0.001882372102897046,2.849999999999998,0.00188237170333215,0.49999999999999994
mos2d,0.0,-3.98406685815768e-15,0.0,-0.0019106226439472669,2.8999999999999977,0.001910622230867338,0.49999999999999994
mos2d,0.0,-4.0014503753534826e-15,0.0,-0.001938790843946424,2.9499999999999975,0.0019387904186075324,0.49999999999999994
mos2d,0.0,-4.0179456275887975e-15,0.0,-0.001966878316980999,2.9999999999999973,0.0019668778789788577,0.49999999999999994
mos2d,0.0,-4.034690113296788e-15,0.0,-0.0019948865988584745,3.049999999999997,0.0019948861483142883,0.49999999999999994
mos2d,0.0,-4.051589700993252e-15,0.0,-0.002022817184774934,3.099999999999997,0.0020228167245809553,0.49999999999999994
mos2d,0.0,-4.06813783321784e-15,0.0,-0.0020506715207918628,3.149999999999997,0.0020506710484192703,0.49999999999999994
mos2d,0.0,-4.083869830114542e-15,0.0,-0.0020784510288392477,3.1999999999999966,0.002078450547626603,0.49999999999999994
mos2d,0.0,-4.100401591046038e-15,0.0,-0.002106157021510382,3.2499999999999964,0.00210615652849012,0.49999999999999994
mos2d,0.0,-4.116645968955394e-15,0.0,-0.0021337908549516377,3.2999999999999963,0.0021337903507451343,0.49999999999999994
mos2d,0.0,-4.1327254263256575e-15,0.0,-0.0021613538120433947,3.349999999999996,0.0021613532943987775,0.49999999999999994
mos2d,0.0,-4.14876314279149e-15,0.0,-0.0021888471697240216,3.399999999999996,0.00218884664160934,0.49999999999999994
mos2d,0.0,-4.1646890039409736e-15,0.0,-0.0022162721552750207,3.4499999999999957,0.002216271616824172,0.49999999999999994
mos2d,0.0,-4.180542328676029e-15,0.0,-0.0022436299769215315,3.4999999999999956,0.002243629428360626,0.49999999999999994
mos2d,0.0,-4.196258541172603e-15,0.0,-0.0022709218209224927,3.5499999999999954,0.0022709212619124257,0.49999999999999994
mos2d,0.0,-4.2119094484009075e-15,0.0,-0.0022981488494595572,3.599999999999995,0.002298148280635866,0.49999999999999994
mos2d,0.0,-4.227806145409708e-15,0.0,-0.0023253122030613997,3.649999999999995,0.002325311624308737,0.49999999999999994
mos2d,0.0,-4.24301793009026e-15,0.0,-0.0023524130351444653,3.699999999999995,0.002352412446226369,0.49999999999999994
mos2d,0.0,-4.2582661352236945e-15,0.0,-0.0023794524381143384,3.7499999999999947,0.002379451840514134,0.49999999999999994
mos2d,0.0,-4.2732629714770425e-15,0.0,-0.0024064314986744426,3.7999999999999945,0.0024064308924878425,0.49999999999999994
mos2d,0.0,-4.288245749567235e-15,0.0,-0.0024333512844479325,3.8499999999999943,0.0024333506701679527,0.49999999999999994
mos2d,0.0,-4.303075533008955e-15,0.0,-0.002460212840708252,3.899999999999994,0.0024602122186816516,0.49999999999999994
mos2d,0.0,-4.317721648770138e-15,0.0,-0.0024870171931320965,3.949999999999994,0.002487016563641751,0.49999999999999994
mos2d,0.0,-4.332226022797337e-15,0.0,-0.0025137653496468816,3.999999999999994,0.002513764713948866,0.49999999999999994
mos2d,0.0,-4.346712396027863e-15,0.0,-0.002540458287847245,4.049999999999994,0.0025404576424057266,0.49999999999999994
mos2d,0.0,-4.361148369976205e-15,0.0,-0.002567096974554171,4.099999999999993,0.0025670963228780924,0.49999999999999994
mos2d,0.0,-4.375335179081776e-15,0.0,-0.002593682355551402,4.149999999999993,0.0025936816975441254,0.49999999999999994
mos2d,0.0,-4.389349895960337e-15,0.0,-0.0026202153478450444,4.199999999999993,0.0026202146837786718,0.49999999999999994
mos2d,0.0,-4.403250582264355e-15,0.0,-0.002646696836051893,4.249999999999993,0.0026466961658763105,0.49999999999999994
mos2d,0.0,-4.416976141183482e-15,0.0,-0.002673127702607372,4.299999999999993,0.0026731270268892018,0.49999999999999994
mos2d,0.0,-4.430620936008994e-15,0.0,-0.0026995087866377647,4.3499999999999925,0.002699508104996042,0.49999999999999994
mos2d,0.0,-4.444089592194297e-15,0.0,-0.0027258409128014115,4.399999999999992,0.0027258402260178748,0.49999999999999994
mos2d,0.0,-4.4575291814658975e-15,0.0,-0.0027521248853560488,4.449999999999992,0.0027521241941767093,0.49999999999999994
mos2d,0.0,-4.470737252011766e-15,0.0,-0.002778361494517565,4.499999999999992,0.0027783607962358656,0.49999999999999994
mos2d,0.0,-4.4839651294674505e-15,0.0,-0.002804551468546302,4.549999999999992,0.002804550765892488,0.49999999999999994
mos2d,0.0,-4.497118205798148e-15,0.0,-0.0028306955490790086,4.599999999999992,0.002830694842404262,0.49999999999999994
mos2d,0.0,-4.510143918419174e-15,0.0,-0.002856794457123215,4.6499999999999915,0.002856793746625492,0.49999999999999994
mos2d,0.0,-4.523072201527593e-15,0.0,-0.0028828487768556444,4.699999999999991,0.0028828480861720096,0.49999999999999994
mos2d,0.0,-4.535829430683286e-15,0.0,-0.0029088593813211892,4.749999999999991,0.0029088586883725333,0.49999999999999994
mos2d,0.0,-4.548741311821534e-15,0.0,-0.00293482690912,4.799999999999991,0.0029348261966114023,0.49999999999999994
mos2d,0.0,-4.56150631666941e-15,0.0,-0.0029607518279912426,4.849999999999991,0.0029607511138807557,0.49999999999999994
mos2d,0.0,-4.574115515795735e-15,0.0,-0.0029866348323312015,4.899999999999991,0.0029866341155914866,0.49999999999999994
mos2d,0.0,-4.58672329758867e-15,0.0,-0.0030124765340248444,4.94999999999999,0.0030124758125235416,0.49999999999999994
mos2d,0.0,-4.5992017086508474e-15,0.0,-0.003038277498996147,4.99999999999999,0.0030382767756591948,0.49999999999999994
mos2d,0.0,-1.2207301155788478e-15,0.0,-0.0008193872181983482,0.05,0.0008193871772755297,1.0
mos2d,0.0,-1.7442330748021176e-15,0.0,-0.001453871956572495,0.1,0.001453871963578249,1.0
mos2d,0.0,-2.0349483267344034e-15,0.0,-0.001954639972432184,0.15000000000000002,0.001954640007529568,1.0
mos2d,0.0,-2.2304487097179972e-15,0.0,-0.0023617049306055176,0.2,0.002361704932054506,1.0
mos2d,0.0,-2.3784501864610873e-15,0.0,-0.0026912508871012263,0.25,0.0026912509681905135,1.0
mos2d,0.0,-2.4965221863228856e-15,0.0,-0.002953866948648748,0.3,0.0029538669854210086,1.0
mos2d,0.0,-2.590542051697286e-15,0.0,-0.0031472504080742644,0.35,0.0031472503584211694,1.0
mos2d,0.0,-2.6648050902349552e-15,0.0,-0.0032743134994814484,0.39999999999999997,0.0032743137762562386,1.0
mos2d,0.0,-2.727344339310368e-15,0.0,-0.003370673052168805,0.44999999999999996,0.003370673003530409,1.0
mos2d,0.0,-2.7824066014209124e-15,0.0,-0.0034537140650600117,0.49999999999999994,0.003453714096710184,1.0
mos2d,0.0,-2.8316778667170207e-15,0.0,-0.003528151979660028,0.5499999999999999,0.0035281519606317315,1.0
mos2d,0.0,-2.8768030436798483e-15,0.0,-0.003597866801311175,0.6,0.0035978666543588873,1.0
mos2d,0.0,-2.9185867078658494e-15,0.0,-0.00366471517485075,0.65,0.003664714870794145,1.0
mos2d,0.0,-2.9578676228507154e-15,0.0,-0.0037290295873227733,0.7000000000000001,0.00372902930123767,1.0
mos2d,0.0,-2.9951282884884823e-15,0.0,-0.003790947027902321,0.7500000000000001,0.003790946559581231,1.0
mos2d,0.0,-3.030862385704747e-15,0.0,-0.0038509473144358267,0.8000000000000002,0.003850946986863513,1.0
mos2d,0.0,-3.0652402814041263e-15,0.0,-0.003909556571211918,0.8500000000000002,0.00390955604325922,1.0
mos2d,0.0,-3.098717899336651e-15,0.0,-0.0039670689917565005,0.9000000000000002,0.003967068592537664,1.0
mos2d,0.0,-3.1312478048152706e-15,0.0,-0.004023589888961818,0.9500000000000003,0.0040235895877146184,1.0
mos2d,0.0,-3.162932810875171e-15,0.0,-0.004079055266825666,1.0000000000000002,0.0040790550260535645,1.0
mos2d,0.0,-3.193878380393827e-15,0.0,-0.004133410671224349,1.0500000000000003,0.004133410310249667,1.0
mos2d,0.0,-3.2242130984459505e-15,0.0,-0.0041867393693709775,1.1000000000000003,0.004186739078874255,1.0
mos2d,0.0,-3.253816090043796e-15,0.0,-0.0042391682102672,1.1500000000000004,0.004239167969366358,1.0
mos2d,0.0,-3.2828524615728037e-15,0.0,-0.004290770942112255,1.2000000000000004,0.004290770749623232,1.0
mos2d,0.0,-3.311267116457898e-15,0.0,-0.00434160490813915,1.2500000000000004,0.0043416047502803385,1.0
mos2d,0.0,-3.3390314753553115e-15,0.0,-0.004391667479790055,1.3000000000000005,0.004391667347516718,1.0
mos2d,0.0,-3.366204190938222e-15,0.0,-0.00444086329407009,1.3500000000000005,0.004440863198931038,1.0
mos2d,0.0,-3.3928952430668274e-15,0.0,-0.004489108092213639,1.4000000000000006,0.004489108014642545,1.0
mos2d,0.0,-3.4189615082129287e-15,0.0,-0.004536364231009322,1.4500000000000006,0.004536364176889424,1.0
mos2d,0.0,-3.444506373766411e-15,0.0,-0.004582643188687637,1.5000000000000007,0.0045826431395825954,1.0
mos2d,0.0,-3.469544953069706e-15,0.0,-0.004628014365038581,1.5500000000000007,0.004628014338345194,1.0
mos2d,0.0,-3.4940963310363905e-15,0.0,-0.004672580997767407,1.6000000000000008,0.004672581013394514,1.0
mos2d,0.0,-3.5181794109653607e-15,0.0,-0.0047164416440290515,1.6500000000000008,0.0047164416932900044,1.0
mos2d,0.0,-3.541761834689685e-15,0.0,-0.00475964203504789,1.7000000000000008,0.004759642110020577,1.0
mos2d,0.0,-3.56491798467885e-15,0.0,-0.004802177743049617,1.7500000000000009,0.004802177833642574,1.0
mos2d,0.0,-3.587648516804758e-15,0.0,-0.004844069664487325,1.800000000000001,0.004844069760336597,1.0
mos2d,0.0,-3.609916831482949e-15,0.0,-0.00488538582884192,1.850000000000001,0.004885385936463816,1.0
mos2d,0.0,-3.6317490888289794e-15,0.0,-0.004926196967438694,1.900000000000001,0.00492619709522461,1.0
mos2d,0.0,-3.653184508763458e-15,0.0,-0.004966550732196117,1.950000000000001,0.004966550877216386,1.0
mos2d,0.0,-3.674159732425135e-15,0.0,-0.005006472450494771,2.000000000000001,0.0050064726077981275,1.0
mos2d,0.0,-3.6947580376192356e-15,0.0,-0.005045974824714551,2.0500000000000007,0.005045974982252112,1.0
mos2d,0.0,-3.714921975621193e-15,0.0,-0.00508507008659605,2.1000000000000005,0.0050850702457616226,1.0
mos2d,0.0,-3.734736964695949e-15,0.0,-0.005123776177716814,2.1500000000000004,0.005123776331174038,1.0
mos2d,0.0,-3.754094482685568e-15,0.0,-0.005162113455223615,2.2,0.005162113597695757,1.0
mos2d,0.0,-3.773087171201928e-15,0.0,-0.005200105482625833,2.25,0.005200105610146024,1.0
mos2d,0.0,-3.791696346969399e-15,0.0,-0.005237777855333546,2.3,0.00523777797089573,1.0
mos2d,0.0,-3.809990526902946e-15,0.0,-0.005275158419979767,2.3499999999999996,0.0052751585286240086,1.0
mos2d,0.0,-3.8278620399555685e-15,0.0,-0.00531227116826662,2.3999999999999995,0.005312271274185955,1.0
mos2d,0.0,-3.8454728493018384e-15,0.0,-0.005349132303023131,2.4499999999999993,0.005349132410917772,1.0
mos2d,0.0,-3.86267285037924e-15,0.0,-0.00538575255023749,2.499999999999999,0.005385752659907366,1.0
mos2d,0.0,-3.879619258428426e-15,0.0,-0.005422137465160817,2.549999999999999,0.005422137576539313,1.0
mos2d,0.0,-3.896250300084088e-15,0.0,-0.005458291831292085,2.5999999999999988,0.005458291942257128,1.0
mos2d,0.0,-3.9126234044963354e-15,0.0,-0.005494226118337381,2.6499999999999986,0.005494226227163986,1.0
mos2d,0.0,-3.928765444368193e-15,0.0,-0.005529953486602807,2.6999999999999984,0.005529953592712048,1.0
mos2d,0.0,-3.944671324427799e-15,0.0,-0.005565483399075763,2.7499999999999982,0.005565483502722186,1.0
mos2d,0.0,-3.960378262212108e-15,0.0,-0.005600816781577739,2.799999999999998,0.005600816882626336,1.0
mos2d,0.0,-3.97585376088902e-15,0.0,-0.0056359493436100245,2.849999999999998,0.005635949439852207,1.0
mos2d,0.0,-3.991240261893878e-15,0.0,-0.005670884214213524,2.8999999999999977,0.005670884305050933,1.0
mos2d,0.0,-4.006478429692519e-15,0.0,-0.005705636261334503,2.9499999999999975,0.005705636347477984,1.0
mos2d,0.0,-4.021570399650821e-15,0.0,-0.0057402231348485135,2.9999999999999973,0.005740223217275286,1.0
mos2d,0.0,-4.0365498125607834e-15,0.0,-0.0057746575703638715,3.049999999999997,0.005774657649992878,1.0
mos2d,0.0,-4.051468990242905e-15,0.0,-0.005808945238833157,3.099999999999997,0.005808945316050504,1.0
mos2d,0.0,-4.066277190097102e-15,0.0,-0.005843086704532194,3.149999999999997,0.005843086779300873,1.0
mos2d,0.0,-4.0810017682230004e-15,0.0,-0.0058770800914108535,3.1999999999999966,0.005877080163910129,1.0
mos2d,0.0,-4.095665695303846e-15,0.0,-0.005910921498006899,3.2499999999999964,0.005910921568203903,1.0
mos2d,0.0,-4.110237483811722e-15,0.0,-0.00594460538196828,3.2999999999999963,0.005944605449195039,1.0
mos2d,0.0,-4.124772563606375e-15,0.0,-0.005978125440600179,3.349999999999996,0.005978125504857222,1.0
mos2d,0.0,-4.139285556270925e-15,0.0,-0.006011474779662442,3.399999999999996,0.0060114748400493506,1.0
mos2d,0.0,-4.15367024217084e-15,0.0,-0.006044647674755993,3.4499999999999957,0.006044647730404722,1.0
mos2d,0.0,-4.167994075329702e-15,0.0,-0.006077642817488174,3.4999999999999956,0.0060776428673300345,1.0
mos2d,0.0,-4.182272654014103e-15,0.0,-0.0061104648694991935,3.5499999999999954,0.006110464912786242,1.0
mos2d,0.0,-4.196510005043282e-15,0.0,-0.006143121910299637,3.599999999999995,0.00614312194656206,1.0
mos2d,0.0,-4.210625546021962e-15,0.0,-0.006175621170701844,3.649999999999995,0.006175621199106423,1.0
mos2d,0.0,-4.224659832893177e-15,0.0,-0.00620796755599548,3.699999999999995,0.006207967576189863,1.0
mos2d,0.0,-4.238651784942584e-15,0.0,-0.006240164601467472,3.7499999999999947,0.006240164613372407,1.0
mos2d,0.0,-4.2524770544251316e-15,0.0,-0.006272215005999366,3.7999999999999945,0.006272215009783983,1.0
mos2d,0.0,-4.266260055913015e-15,0.0,-0.006304120414907576,3.8499999999999943,0.006304120410006842,1.0
mos2d,0.0,-4.279934970643754e-15,0.0,-0.0063358814161149106,3.899999999999994,0.006335881402207909,1.0
mos2d,0.0,-4.293507908066703e-15,0.0,-0.006367499352074236,3.949999999999994,0.006367499329152305,1.0
mos2d,0.0,-4.306972983810941e-15,0.0,-0.006398978589858646,3.999999999999994,0.006398978557685034,1.0
mos2d,0.0,-4.320315498725497e-15,0.0,-0.0064303250556528736,4.049999999999994,0.006430325013810551,1.0
mos2d,0.0,-4.333584455528192e-15,0.0,-0.006461543054911897,4.099999999999993,0.006461543003130285,1.0
mos2d,0.0,-4.346754175545491e-15,0.0,-0.006492634363389189,4.149999999999993,0.006492634301917855,1.0
mos2d,0.0,-4.359812388431408e-15,0.0,-0.006523599146723715,4.199999999999993,0.006523599075838744,1.0
mos2d,0.0,-4.372764307233966e-15,0.0,-0.006554437345675693,4.249999999999993,0.00655443726550365,1.0
mos2d,0.0,-4.3856136313715175e-15,0.0,-0.006585151069238093,4.299999999999993,0.006585150980726264,1.0
mos2d,0.0,-4.398368429641086e-15,0.0,-0.006615746658125793,4.3499999999999925,0.006615746561752409,1.0
mos2d,0.0,-4.411103523879816e-15,0.0,-0.006646233370238349,4.399999999999992,0.006646233266288034,1.0
mos2d,0.0,-4.42369987874534e-15,0.0,-0.00667662020208311,4.449999999999992,0.0066766200908895046,1.0
mos2d,0.0,-4.436218928256207e-15,0.0,-0.006706914213744858,4.499999999999992,0.006706914095523298,1.0
mos2d,0.0,-4.448682227962521e-15,0.0,-0.00673712076022641,4.549999999999992,0.006737120635237227,1.0
mos2d,0.0,-4.4610469603973034e-15,0.0,-0.0067672441662660785,4.599999999999992,0.006767244034820702,1.0
mos2d,0.0,-4.473404013993927e-15,0.0,-0.006797288297791579,4.6499999999999915,0.00679728816005239,1.0
mos2d,0.0,-4.48570116464961e-15,0.0,-0.006827256707088031,4.699999999999991,0.006827256562780614,1.0
mos2d,0.0,-4.497908784340448e-15,0.0,-0.0068571523456084655,4.749999999999991,0.006857152195072219,1.0
mos2d,0.0,-4.5100569650844495e-15,0.0,-0.006886977360752699,4.799999999999991,0.006886977203510181,1.0
mos2d,0.0,-4.5222176974695314e-15,0.0,-0.006916733067426286,4.849999999999991,0.006916732903394306,1.0
mos2d,0.0,-4.534260253991958e-15,0.0,-0.0069464201620457475,4.899999999999991,0.006946419990857267,1.0
mos2d,0.0,-4.546297897018235e-15,0.0,-0.006976038947591045,4.94999999999999,0.006976038768393505,1.0
mos2d,0.0,-4.558334620469433e-15,0.0,-0.007005589388804302,4.99999999999999,0.007005589202134461,1.0
mos2d,0.0,-1.2402147333958157e-15,0.0,-0.002016693705130809,0.05,0.0020166937044340445,2.0
mos2d,0.0,-1.783958505063205e-15,0.0,-0.0037561985425188633,0.1,0.0037561985381792417,2.0
mos2d,0.0,-2.0870766112703005e-15,0.0,-0.005132487009923214,0.15000000000000002,0.0051324870112534025,2.0
mos2d,0.0,-2.288327370010711e-15,0.0,-0.006212667278699532,0.2,0.006212667297952628,2.0
mos2d,0.0,-2.4405535186219526e-15,0.0,-0.0070837149383096145,0.25,0.007083714938619683,2.0
mos2d,0.0,-2.564258597589657e-15,0.0,-0.0078102787486493885,0.3,0.007810278742292572,2.0
mos2d,0.0,-2.668055153583277e-15,0.0,-0.008434811440047893,0.35,0.00843481142181859,2.0
mos2d,0.0,-2.755983758655896e-15,0.0,-0.008982980092382716,0.39999999999999997,0.008982980063461914,2.0
mos2d,0.0,-2.8311218871641044e-15,0.0,-0.00946943482189643,0.44999999999999996,0.009469434856814491,2.0
mos2d,0.0,-2.896224358577595e-15,0.0,-0.009903766555360655,0.49999999999999994,0.009903766147540604,2.0
mos2d,0.0,-2.9533921414087388e-15,0.0,-0.010292018824241217,0.5499999999999999,0.010292018729089037,2.0
mos2d,0.0,-3.004459686041311e-15,0.0,-0.010638234756333862,0.6,0.010638234706845865,2.0
mos2d,0.0,-3.050846042624918e-15,0.0,-0.010944851129229303,0.65,0.010944851101652687,2.0
mos2d,0.0,-3.0933941724670497e-15,0.0,-0.011211598722733538,0.7000000000000001,0.011211598725127503,2.0
mos2d,0.0,-3.132617820437426e-15,0.0,-0.011434113469629937,0.7500000000000001,0.011434113676027778,2.0
mos2d,0.0,-3.169048342226569e-15,0.0,-0.011615935901576146,0.8000000000000002,0.011615937127950464,2.0
mos2d,0.0,-3.202907649762447e-15,0.0,-0.011757965664337735,0.8500000000000002,0.01175796483322114,2.0
mos2d,0.0,-3.234500852734e-15,0.0,-0.011869617024994557,0.9000000000000002,0.01186961733309189,2.0
mos2d,0.0,-3.264628220956052e-15,0.0,-0.011965375068847676,0.9500000000000003,0.011965374978614843,2.0
mos2d,0.0,-3.294100268347316e-15,0.0,-0.01205713063422495,1.0000000000000002,0.012057130497033053,2.0
mos2d,0.0,-3.3229440012757565e-15,0.0,-0.012147147420655646,1.0500000000000003,0.012147148739549458,2.0
mos2d,0.0,-3.3511736068890234e-15,0.0,-0.012236851729930323,1.1000000000000003,0.012236851315809077,2.0
mos2d,0.0,-3.378784709011634e-15,0.0,-0.012325222786947929,1.1500000000000004,0.01232522300672181,2.0
mos2d,0.0,-3.4057029226136255e-15,0.0,-0.012409963585395149,1.2000000000000004,0.01240996382565193,2.0
mos2d,0.0,-3.431882085544573e-15,0.0,-0.0124899703208696,1.2500000000000004,0.012489970576627334,2.0
mos2d,0.0,-3.4574719411746306e-15,0.0,-0.012567760151878481,1.3000000000000005,0.012567760407738535,2.0
mos2d,0.0,-3.482502153002084e-15,0.0,-0.012644311720675847,1.3500000000000005,0.012644311858042444,2.0
mos2d,0.0,-3.5069427518229105e-15,0.0,-0.01271878440008775,1.4000000000000006,0.012718784498991194,2.0
mos2d,0.0,-3.5308513310383925e-15,0.0,-0.012790167362078702,1.4500000000000006,0.012790167531721417,2.0
mos2d,0.0,-3.5542251585827974e-15,0.0,-0.012859231450207955,1.5000000000000007,0.012859231661362838,2.0
mos2d,0.0,-3.577180242953811e-15,0.0,-0.01292680357656103,1.5500000000000007,0.012926803697092253,2.0
mos2d,0.0,-3.5996489209352556e-15,0.0,-0.012992855724448298,1.6000000000000008,0.01299285583964784,2.0
mos2d,0.0,-3.6217158631011005e-15,0.0,-0.013058233170460913,1.6500000000000008,0.013058233259802682,2.0
mos2d,0.0,-3.643434757566027e-15,0.0,-0.01312323300557926,1.7000000000000008,0.01312323310000924,2.0
mos2d,0.0,-3.6647965665174526e-15,0.0,-0.013187610743320232,1.7500000000000009,0.013187610862723822,2.0
mos2d,0.0,-3.685744584782932e-15,0.0,-0.013251171473532344,1.800000000000001,0.013251171609476083,2.0
mos2d,0.0,-3.706391419257813e-15,0.0,-0.013313772528642503,1.850000000000001,0.013313772612356403,2.0
mos2d,0.0,-3.726593587597346e-15,0.0,-0.013374840205116005,1.900000000000001,0.013374840081129425,2.0
mos2d,0.0,-3.7464215893076384e-15,0.0,-0.013434140017497027,1.950000000000001,0.01343413978365105,2.0
mos2d,0.0,-3.765907314441112e-15,0.0,-0.013492365820508482,2.000000000000001,0.013492365673022364,2.0
mos2d,0.0,-3.7850920075117345e-15,0.0,-0.013550096618880162,2.0500000000000007,0.013550096455772122,2.0
mos2d,0.0,-3.8039150323000405e-15,0.0,-0.013607395756791308,2.1000000000000005,0.013607395580211073,2.0
mos2d,0.0,-3.822406317389736e-15,0.0,-0.013664079234479546,2.1500000000000004,0.013664079131755474,2.0
mos2d,0.0,-3.8405482526474456e-15,0.0,-0.013719978925376521,2.2,0.013719978886478376,2.0
mos2d,0.0,-3.858379027240042e-15,0.0,-0.013774919398706571,2.25,0.013774919415405559,2.0
mos2d,0.0,-3.875883695098111e-15,0.0,-0.013828850661625286,2.3,0.013828850770777825,2.0
mos2d,0.0,-3.893130120782948e-15,0.0,-0.013881858587752042,2.3499999999999996,0.013881858726789665,2.0
mos2d,0.0,-3.91001338980622e-15,0.0,-0.013933811117856996,2.3999999999999995,0.013933811257027412,2.0
mos2d,0.0,-3.926595325070744e-15,0.0,-0.013984441580203393,2.4499999999999993,0.013984441732591028,2.0
mos2d,0.0,-3.942967455248287e-15,0.0,-0.014034037626918305,2.499999999999999,0.01403403781509299,2.0
mos2d,0.0,-3.959030579511465e-15,0.0,-0.01408306745464806,2.549999999999999,0.014083067635006604,2.0
mos2d,0.0,-3.974913930645534e-15,0.0,-0.01413153591954427,2.5999999999999988,0.014131536093371736,2.0
mos2d,0.0,-3.99057712654024e-15,0.0,-0.014179337461933195,2.6499999999999986,0.014179337639000842,2.0
mos2d,0.0,-4.006042914298341e-15,0.0,-0.014226531858172908,2.6999999999999984,0.014226532038177218,2.0
mos2d,0.0,-4.02140118245615e-15,0.0,-0.014273234022672596,2.7499999999999982,0.014273234195999908,2.0
mos2d,0.0,-4.036579480239981e-15,0.0,-0.014319457686616828,2.799999999999998,0.014319457848770721,2.0
mos2d,0.0,-4.051622531523369e-15,0.0,-0.014365121372209265,2.849999999999998,0.01436512152742206,2.0
mos2d,0.0,-4.066573570953779e-15,0.0,-0.014410158990597827,2.8999999999999977,0.01441015914341215,2.0
mos2d,0.0,-4.081346282891126e-15,0.0,-0.01445461817799425,2.9499999999999975,0.014454618332158943,2.0
mos2d,0.0,-4.096120255637309e-15,0.0,-0.014498589475507934,2.9999999999999973,0.014498589648898243,2.0
mos2d,0.0,-4.11080282755999e-15,0.0,-0.014542102218084255,3.049999999999997,0.014542102421456168,2.0
mos2d,0.0,-4.1253523524331975e-15,0.0,-0.01458532274219353,3.099999999999997,0.014585323049926397,2.0
mos2d,0.0,-4.139866190578359e-15,0.0,-0.014628333034035417,3.149999999999997,0.014628333340971238,2.0
mos2d,0.0,-4.154363097141303e-15,0.0,-0.01467130890879105,3.1999999999999966,0.014671309282889858,2.0
mos2d,0.0,-4.168733614559391e-15,0.0,-0.014714458982689714,3.2499999999999964,0.014714459370995046,2.0
mos2d,0.0,-4.1831648577797745e-15,0.0,-0.014757780866006615,3.2999999999999963,0.014757781269114567,2.0
mos2d,0.0,-4.19746264871801e-15,0.0,-0.014801235508939374,3.349999999999996,0.01480123594056407,2.0
mos2d,0.0,-4.2117682224763706e-15,0.0,-0.014844768616414825,3.399999999999996,0.014844769101016071,2.0
mos2d,0.0,-4.225990441685215e-15,0.0,-0.014888285092361436,3.4499999999999957,0.014888285685276038,2.0
mos2d,0.0,-4.2401337758161096e-15,0.0,-0.014931657074987014,3.4999999999999956,0.014931657595388623,2.0
mos2d,0.0,-4.254201221377258e-15,0.0,-0.014974771304694174,3.5499999999999954,0.014974772160298225,2.0
mos2d,0.0,-4.268164660513942e-15,0.0,-0.015017610726039193,3.599999999999995,0.015017611586952157,2.0
mos2d,0.0,-4.2820952581367326e-15,0.0,-0.015060241232764504,3.649999999999995,0.015060242004746066,2.0
mos2d,0.0,-4.295886563012088e-15,0.0,-0.015102720666211602,3.699999999999995,0.015102721817778452,2.0
mos2d,0.0,-4.3095644757239256e-15,0.0,-0.015145081770706236,3.7499999999999947,0.015145082275368585,2.0
mos2d,0.0,-4.3232262836644085e-15,0.0,-0.015187345195195856,3.7999999999999945,0.01518734558453217,2.0
mos2d,0.0,-4.336765502372777e-15,0.0,-0.015229508036107918,3.8499999999999943,0.015229508332072116,2.0
mos2d,0.0,-4.350199572076268e-15,0.0,-0.015271544005477544,3.899999999999994,0.015271544229839553,2.0
mos2d,0.0,-4.3635344683629915e-15,0.0,-0.015313428379667652,3.949999999999994,0.01531342855148872,2.0
mos2d,0.0,-4.376760974983066e-15,0.0,-0.015355142581769572,3.999999999999994,0.015355142710434503,2.0
mos2d,0.0,-4.3899286360807325e-15,0.0,-0.015396657680268622,4.049999999999994,0.015396657768450249,2.0
mos2d,0.0,-4.402936880529637e-15,0.0,-0.015437939267360182,4.099999999999993,0.01543793931857631,2.0
mos2d,0.0,-4.415883440603549e-15,0.0,-0.015478949429931341,4.149999999999993,0.01547894944829,2.0
mos2d,0.0,-4.428740018133139e-15,0.0,-0.015519648224872458,4.199999999999993,0.015519648221283593,2.0
mos2d,0.0,-4.4414663546166955e-15,0.0,-0.015560003780926458,4.249999999999993,0.015560003772894324,2.0
mos2d,0.0,-4.454104273212779e-15,0.0,-0.01559997738865187,4.299999999999993,0.015599977397913209,2.0
mos2d,0.0,-4.466678238956928e-15,0.0,-0.015639525340077048,4.3499999999999925,0.01563952539450979,2.0
mos2d,0.0,-4.4791230066153295e-15,0.0,-0.015678617453894195,4.399999999999992,0.015678617587371074,2.0
mos2d,0.0,-4.491488285738547e-15,0.0,-0.01571724342043494,4.449999999999992,0.015717243663615543,2.0
mos2d,0.0,-4.503778648706643e-15,0.0,-0.015755403026332618,4.499999999999992,0.015755403751598934,2.0
mos2d,0.0,-4.516008615743232e-15,0.0,-0.015793093107188367,4.549999999999992,0.01579309404526226,2.0
mos2d,0.0,-4.52810199786308e-15,0.0,-0.015830287327572797,4.599999999999992,0.01583028809616943,2.0
mos2d,0.0,-4.540208553808292e-15,0.0,-0.015866952615946436,4.6499999999999915,0.01586695330139662,2.0
mos2d,0.0,-4.552136908340468e-15,0.0,-0.01590314232800234,4.699999999999991,0.01590314290669108,2.0
mos2d,0.0,-4.56407191846099e-15,0.0,-0.01593901373855631,4.749999999999991,0.015939014387644355,2.0
mos2d,0.0,-4.57594043167919e-15,0.0,-0.015974692600686093,4.799999999999991,0.01597469322588386,2.0
mos2d,0.0,-4.587725624544177e-15,0.0,-0.016010226305093474,4.849999999999991,0.016010227228383106,2.0
mos2d,0.0,-4.599451209857091e-15,0.0,-0.016045619433437977,4.899999999999991,0.016045620305751063,2.0
mos2d,0.0,-4.6111410970572436e-15,0.0,-0.016080849854814797,4.94999999999999,0.016080850723008754,2.0
mos2d,0.0,-4.6227707404736706e-15,0.0,-0.01611587207436394,4.99999999999999,0.01611587300832913,2.0
mos2d,0.0,-1.2448561980495226e-15,0.0,-0.0025688364061209295,0.05,0.0025688364015835825,2.9999999999999964
mos2d,0.0,-1.7938378166687417e-15,0.0,-0.004957759398404921,0.1,0.004957759403492652,2.9999999999999964
mos2d,0.0,-2.103980726021275e-15,0.0,-0.007041356007869284,0.15000000000000002,0.0070413560132332595,2.9999999999999964
mos2d,0.0,-2.3115979724240152e-15,0.0,-0.008843165894119896,0.2,0.008843165893457808,2.9999999999999964
mos2d,0.0,-2.468710199895494e-15,0.0,-0.010384653899430782,0.25,0.01038465389227239,2.9999999999999964
mos2d,0.0,-2.5962093130879855e-15,0.0,-0.011722056773824338,0.3,0.011722056765629305,2.9999999999999964
mos2d,0.0,-2.702123776377171e-15,0.0,-0.012881432822569467,0.35,0.012881432836820004,2.9999999999999964
mos2d,0.0,-2.7909732698249607e-15,0.0,-0.013879625264551082,0.39999999999999997,0.0138796252454659,2.9999999999999964
mos2d,0.0,-2.8666091452408523e-15,0.0,-0.014764333940046313,0.44999999999999996,0.014764333954375305,2.9999999999999964
mos2d,0.0,-2.9334850284350932e-15,0.0,-0.015488984418912922,0.49999999999999994,0.015488984444858304,2.9999999999999964
mos2d,0.0,-2.990651241228588e-15,0.0,-0.01617872735492251,0.5499999999999999,0.01617872735697899,2.9999999999999964
mos2d,0.0,-3.0418735048746303e-15,0.0,-0.01680419055868782,0.6,0.016804190555532825,2.9999999999999964
mos2d,0.0,-3.0887331223725242e-15,0.0,-0.017372943647202856,0.65,0.017372943645570377,2.9999999999999964
mos2d,0.0,-3.132419833915987e-15,0.0,-0.017892762525212026,0.7000000000000001,0.017892762534734354,2.9999999999999964
mos2d,0.0,-3.1738225115664256e-15,0.0,-0.018367861732522566,0.7500000000000001,0.018367861818282313,2.9999999999999964
mos2d,0.0,-3.2133917694319334e-15,0.0,-0.018801865056412913,0.8000000000000002,0.018801865192736952,2.9999999999999964
mos2d,0.0,-3.2514057437492193e-15,0.0,-0.019197376674999378,0.8500000000000002,0.01919737678128137,2.9999999999999964
mos2d,0.0,-3.2880693123297543e-15,0.0,-0.01955459693430363,0.9000000000000002,0.019554596739743055,2.9999999999999964
mos2d,0.0,-3.323300607147061e-15,0.0,-0.01987242781831112,0.9500000000000003,0.019872427453411813,2.9999999999999964
mos2d,0.0,-3.357028071386172e-15,0.0,-0.020149829447295934,1.0000000000000002,0.02014982930051284,2.9999999999999964
mos2d,0.0,-3.3889526434855313e-15,0.0,-0.020379539639003696,1.0500000000000003,0.02037953955259083,2.9999999999999964
mos2d,0.0,-3.419371695452829e-15,0.0,-0.02057435577731771,1.1000000000000003,0.020574355623276613,2.9999999999999964
mos2d,0.0,-3.448275979487317e-15,0.0,-0.020733711462233396,1.1500000000000004,0.020733711357615554,2.9999999999999964
mos2d,0.0,-3.4760627902760775e-15,0.0,-0.020877103982374513,1.2000000000000004,0.02087710360299558,2.9999999999999964
mos2d,0.0,-3.5022811106571586e-15,0.0,-0.020993174921866396,1.2500000000000004,0.020993174821442244,2.9999999999999964
mos2d,0.0,-3.5274706754338912e-15,0.0,-0.02109859788505348,1.3000000000000005,0.021098598010033297,2.9999999999999964
mos2d,0.0,-3.552396663839939e-15,0.0,-0.0212075967634873,1.3500000000000005,0.021207596579444616,2.9999999999999964
mos2d,0.0,-3.576931890393459e-15,0.0,-0.02131689987575631,1.4000000000000006,0.02131685222848816,2.9999999999999964
mos2d,0.0,-3.600889878868735e-15,0.0,-0.021422155977670613,1.4500000000000006,0.02142215656412391,2.9999999999999964
mos2d,0.0,-3.624395914800361e-15,0.0,-0.021524859680526125,1.5000000000000007,0.021524859854698535,2.9999999999999964
mos2d,0.0,-3.647223455132437e-15,0.0,-0.02161994957216256,1.5500000000000007,0.021619949362883018,2.9999999999999964
mos2d,0.0,-3.6695697589149804e-15,0.0,-0.02171145426650908,1.6000000000000008,0.021711454192473854,2.9999999999999964
mos2d,0.0,-3.69153079614204e-15,0.0,-0.02180231975270256,1.6500000000000008,0.021802320281791056,2.9999999999999964
mos2d,0.0,-3.713089935543244e-15,0.0,-0.021892298254510837,1.7000000000000008,0.02189230326487765,2.9999999999999964
mos2d,0.0,-3.734214812831688e-15,0.0,-0.02198064111688047,1.7500000000000009,0.021980642428727513,2.9999999999999964
mos2d,0.0,-3.754990400804959e-15,0.0,-0.0220685789016602,1.800000000000001,0.022068578527322243,2.9999999999999964
mos2d,0.0,-3.775307979787362e-15,0.0,-0.02215361052874906,1.850000000000001,0.022153609872510513,2.9999999999999964
mos2d,0.0,-3.795149918142686e-15,0.0,-0.022233077641269312,1.900000000000001,0.022233077672212682,2.9999999999999964
mos2d,0.0,-3.8144496331533574e-15,0.0,-0.02230861276553105,1.950000000000001,0.022308612897546775,2.9999999999999964
mos2d,0.0,-3.833340961593891e-15,0.0,-0.022382767857965998,2.000000000000001,0.02238276800603683,2.9999999999999964
mos2d,0.0,-3.8519414315721175e-15,0.0,-0.022456991876749946,2.0500000000000007,0.022456992042855558,2.9999999999999964
mos2d,0.0,-3.870172042371192e-15,0.0,-0.022531143365077333,2.1000000000000005,0.022531143545972424,2.9999999999999964
mos2d,0.0,-3.888137323041815e-15,0.0,-0.02260441427362189,2.1500000000000004,0.02260441449666752,2.9999999999999964
mos2d,0.0,-3.905709682103362e-15,0.0,-0.02267672803466172,2.2,0.02267672827900953,2.9999999999999964
mos2d,0.0,-3.923045765267541e-15,0.0,-0.02274849215810276,2.25,0.02274849235398001,2.9999999999999964
mos2d,0.0,-3.9400286915864045e-15,0.0,-0.02281968153855549,2.3,0.022819681730907364,2.9999999999999964
mos2d,0.0,-3.956730039296355e-15,0.0,-0.022889997525142543,2.3499999999999996,0.022889997650132547,2.9999999999999964
mos2d,0.0,-3.973173399549797e-15,0.0,-0.022959133208945035,2.3999999999999995,0.022959132914849953,2.9999999999999964
mos2d,0.0,-3.989431530669833e-15,0.0,-0.023027073004102002,2.4499999999999993,0.02302707260811298,2.9999999999999964
mos2d,0.0,-4.0054064213255825e-15,0.0,-0.02309380855837543,2.499999999999999,0.023093808368052207,2.9999999999999964
mos2d,0.0,-4.021218743478208e-15,0.0,-0.023159230900306315,2.549999999999999,0.023159230760340554,2.9999999999999964
mos2d,0.0,-4.036820259714709e-15,0.0,-0.023223186409579644,2.5999999999999988,0.02322318630958063,2.9999999999999964
mos2d,0.0,-4.05225817403297e-15,0.0,-0.02328606646130912,2.6499999999999986,0.023286066374609834,2.9999999999999964
mos2d,0.0,-4.067562916096624e-15,0.0,-0.023348283376211115,2.6999999999999984,0.023348283282541443,2.9999999999999964
mos2d,0.0,-4.082803061439382e-15,0.0,-0.02341014179288867,2.7499999999999982,0.02341014169510896,2.9999999999999964
mos2d,0.0,-4.0979333515645306e-15,0.0,-0.023471750645716778,2.799999999999998,0.023471750528233096,2.9999999999999964
mos2d,0.0,-4.113007071757165e-15,0.0,-0.023533000414656505,2.849999999999998,0.023533000291418193,2.9999999999999964
mos2d,0.0,-4.128069116971703e-15,0.0,-0.023593810221574505,2.8999999999999977,0.02359381012117135,2.9999999999999964
mos2d,0.0,-4.143021873648591e-15,0.0,-0.023654075525659818,2.9499999999999975,0.023654075411455196,2.9999999999999964
mos2d,0.0,-4.157930395526072e-15,0.0,-0.02371356583609345,2.9999999999999973,0.023713565716452095,2.9999999999999964
mos2d,0.0,-4.1728024832603225e-15,0.0,-0.023772163740624387,3.049999999999997,0.02377216362971579,2.9999999999999964
mos2d,0.0,-4.187638574758783e-15,0.0,-0.023829996728117264,3.099999999999997,0.0238299966327516,2.9999999999999964
mos2d,0.0,-4.20239659035473e-15,0.0,-0.023887380594938234,3.149999999999997,0.023887380477230068,2.9999999999999964
mos2d,0.0,-4.2171412779726514e-15,0.0,-0.023944402837215106,3.1999999999999966,0.023944402681100728,2.9999999999999964
mos2d,0.0,-4.231772745524358e-15,0.0,-0.024000865332509978,3.2499999999999964,0.024000865339647712,2.9999999999999964
mos2d,0.0,-4.246390257176326e-15,0.0,-0.02405638295053804,3.2999999999999963,0.02405638298124346,2.9999999999999964
mos2d,0.0,-4.26089669510732e-15,0.0,-0.02411034399865766,3.349999999999996,0.0241103440425145,2.9999999999999964
mos2d,0.0,-4.275285396674895e-15,0.0,-0.024162489712164604,3.399999999999996,0.0241624897754018,2.9999999999999964
mos2d,0.0,-4.289559107296529e-15,0.0,-0.02421318927478956,3.4499999999999957,0.02421318933099367,2.9999999999999964
mos2d,0.0,-4.303766199436088e-15,0.0,-0.02426256883071277,3.4999999999999956,0.024262568867212172,2.9999999999999964
mos2d,0.0,-4.317789142857856e-15,0.0,-0.024310842723664405,3.5499999999999954,0.0243108427533962,2.9999999999999964
mos2d,0.0,-4.331708659235741e-15,0.0,-0.024358485288212446,3.599999999999995,0.02435848532629585,2.9999999999999964
mos2d,0.0,-4.345561920590841e-15,0.0,-0.024406002982017463,3.649999999999995,0.02440600302226198,2.9999999999999964
mos2d,0.0,-4.359348364539637e-15,0.0,-0.024453421239414012,3.699999999999995,0.0244534212775761,2.9999999999999964
mos2d,0.0,-4.372935061146959e-15,0.0,-0.024500218874013165,3.7499999999999947,0.024500218905187856,2.9999999999999964
mos2d,0.0,-4.386435866417585e-15,0.0,-0.024545820890454567,3.7999999999999945,0.024545820919078788,2.9999999999999964
mos2d,0.0,-4.399826254024847e-15,0.0,-0.024590615616091813,3.8499999999999943,0.02459061565741256,2.9999999999999964
mos2d,0.0,-4.4130959287502635e-15,0.0,-0.024635443828200775,3.899999999999994,0.024635443898286893,2.9999999999999964
mos2d,0.0,-4.42627389629232e-15,0.0,-0.02468057742600514,3.949999999999994,0.024680577523830075,2.9999999999999964
mos2d,0.0,-4.4393419026667014e-15,0.0,-0.024725875058803734,3.999999999999994,0.024725875238670036,2.9999999999999964
mos2d,0.0,-4.452285317819225e-15,0.0,-0.024771015375470908,4.049999999999994,0.024771015576692174,2.9999999999999964
mos2d,0.0,-4.465167447616342e-15,0.0,-0.024815878638844328,4.099999999999993,0.0248158786993257,2.9999999999999964
mos2d,0.0,-4.477963915944655e-15,0.0,-0.024860605226522878,4.149999999999993,0.024860605246863496,2.9999999999999964
mos2d,0.0,-4.4906799465303766e-15,0.0,-0.024905408763648877,4.199999999999993,0.024905408788752977,2.9999999999999964
mos2d,0.0,-4.503303924083824e-15,0.0,-0.024950356082487864,4.249999999999993,0.024950356117196145,2.9999999999999964
mos2d,0.0,-4.5158572549154906e-15,0.0,-0.02499532521233711,4.299999999999993,0.024995325202339543,2.9999999999999964
mos2d,0.0,-4.528366311083299e-15,0.0,-0.025040084696209476,4.3499999999999925,0.02504008463027843,2.9999999999999964
mos2d,0.0,-4.540767466691659e-15,0.0,-0.025084373681015563,4.399999999999992,0.02508437352960732,2.9999999999999964
mos2d,0.0,-4.553135831230979e-15,0.0,-0.025127990859449282,4.449999999999992,0.02512799068424805,2.9999999999999964
mos2d,0.0,-4.5653856085562716e-15,0.0,-0.025171317076599267,4.499999999999992,0.02517131688486742,2.9999999999999964
mos2d,0.0,-4.5776015057361325e-15,0.0,-0.025214772043905216,4.549999999999992,0.02521477186674529,2.9999999999999964
mos2d,0.0,-4.589788721971253e-15,0.0,-0.025258386465329408,4.599999999999992,0.025258386305704206,2.9999999999999964
mos2d,0.0,-4.601908148009463e-15,0.0,-0.025302108576357868,4.6499999999999915,0.02530210840052493,2.9999999999999964
mos2d,0.0,-4.614062531049708e-15,0.0,-0.02534590332560636,4.699999999999991,0.025345903159886853,2.9999999999999964
mos2d,0.0,-4.626075674021604e-15,0.0,-0.02538974558548101,4.749999999999991,0.025389745437157853,2.9999999999999964
mos2d,0.0,-4.638107697167223e-15,0.0,-0.02543359767641002,4.799999999999991,0.025433597533203116,2.9999999999999964
mos2d,0.0,-4.6500119938716296e-15,0.0,-0.02547740646514822,4.849999999999991,0.025477406324251845,2.9999999999999964
mos2d,0.0,-4.661979083833807e-15,0.0,-0.025521109645868012,4.899999999999991,0.02552110949240469,2.9999999999999964
mos2d,0.0,-4.673795612348409e-15,0.0,-0.025564645443654145,4.94999999999999,0.025564645272615625,2.9999999999999964
mos2d,0.0,-4.6855965326771865e-15,0.0,-0.025607949790977615,4.99999999999999,0.025607949599344416,2.9999999999999964
