Step,body_V,body_I,source_V,source_I,drain_V,drain_I,gate_V
mos2d,0.0,-7.392997162717705e-15,0.0,-2.5164336012458443e-16,2.99999999999998,6.856799388047072e-15,-2.9899999999999802
mos2d,0.0,-7.114095847657392e-15,0.0,-6.960463187740877e-17,2.99999999999998,6.375802229912029e-15,-2.9799999999999804
mos2d,0.0,-7.099306025786614e-15,0.0,-3.5422669873223455e-16,2.99999999999998,6.18631202423624e-15,-2.9699999999999807
mos2d,0.0,-7.494922129874401e-15,0.0,-2.0443868111233905e-16,2.99999999999998,6.1932830578328056e-15,-2.959999999999981
mos2d,0.0,-7.770428051387202e-15,0.0,-5.162127465530754e-16,2.99999999999998,6.297109897061224e-15,-2.949999999999981
mos2d,0.0,-6.79232810030129e-15,0.0,-1.869308146641263e-16,2.99999999999998,6.5852208388360255e-15,-2.9399999999999813
mos2d,0.0,-7.326317918357838e-15,0.0,-2.2083268980275824e-16,2.99999999999998,6.411962301789258e-15,-2.9299999999999815
mos2d,0.0,-7.44684112183856e-15,0.0,-1.7434839688568187e-16,2.99999999999998,6.5436588225252366e-15,-2.9199999999999817
mos2d,0.0,-7.691739064919602e-15,0.0,9.083124486827832e-18,2.99999999999998,6.73898958495459e-15,-2.909999999999982
mos2d,0.0,-7.0131125921926756e-15,0.0,-1.4056297299134142e-16,2.99999999999998,6.299016117671358e-15,-2.899999999999982
mos2d,0.0,-7.648319402075457e-15,0.0,-3.23207364527057e-16,2.99999999999998,6.937712890975096e-15,-2.8899999999999824
mos2d,0.0,-7.471040820850497e-15,0.0,-7.841534508904388e-17,2.99999999999998,6.9396887261924855e-15,-2.8799999999999826
mos2d,0.0,-7.41930174187342e-15,0.0,-3.751307667644077e-16,2.99999999999998,6.625486790896437e-15,-2.869999999999983
mos2d,0.0,-7.388586784658616e-15,0.0,-1.4407264573673175e-16,2.99999999999998,6.3367265485157556e-15,-2.859999999999983
mos2d,0.0,-7.504772813933106e-15,0.0,-1.6546900084965367e-16,2.99999999999998,6.47758163660872e-15,-2.849999999999983
mos2d,0.0,-7.716840124889564e-15,0.0,-2.6057104801630253e-16,2.99999999999998,7.412703826138382e-15,-2.8399999999999834
mos2d,0.0,-7.603616159242477e-15,0.0,-2.3460400037694444e-16,2.99999999999998,6.922211052760938e-15,-2.8299999999999836
mos2d,0.0,-7.577878786494256e-15,0.0,8.656897343774524e-17,2.99999999999998,6.280304055531131e-15,-2.819999999999984
mos2d,0.0,-7.519382429496752e-15,0.0,-3.8532420375875685e-16,2.99999999999998,6.3908847679265006e-15,-2.809999999999984
mos2d,0.0,-7.621929283479523e-15,0.0,-2.764949854010294e-16,2.99999999999998,6.8689200653274644e-15,-2.7999999999999843
mos2d,0.0,-7.495347341995475e-15,0.0,-1.7268579163399993e-16,2.99999999999998,7.38048981459812e-15,-2.7899999999999845
mos2d,0.0,-7.312697115605623e-15,0.0,-3.879999639666509e-16,2.99999999999998,7.457718604647962e-15,-2.7799999999999847
mos2d,0.0,-7.336303991504765e-15,0.0,-1.2261409820994391e-16,2.99999999999998,6.944317957284977e-15,-2.769999999999985
mos2d,0.0,-7.23953598295857e-15,0.0,-2.2471708228633625e-16,2.99999999999998,6.807564395495784e-15,-2.759999999999985
mos2d,0.0,-7.515071781850808e-15,0.0,-3.0554190999553325e-16,2.99999999999998,6.347665071095738e-15,-2.7499999999999853
mos2d,0.0,-7.24669132889326e-15,0.0,-2.2100130244755503e-17,2.99999999999998,6.391737149682183e-15,-2.7399999999999856
mos2d,0.0,-7.253365841844734e-15,0.0,-2.2617075943368035e-16,2.99999999999998,6.694415383809842e-15,-2.7299999999999858
mos2d,0.0,-7.341433633319556e-15,0.0,-1.5105860312698077e-16,2.99999999999998,6.246185876031174e-15,-2.719999999999986
mos2d,0.0,-7.400719191096162e-15,0.0,-3.9086632391132556e-16,2.99999999999998,6.740320618234428e-15,-2.709999999999986
mos2d,0.0,-7.49605747388762e-15,0.0,-3.091764565402252e-16,2.99999999999998,7.18461691204754e-15,-2.6999999999999864
mos2d,0.0,-7.141826138691382e-15,0.0,-1.3743104942189517e-16,2.99999999999998,7.328860184654231e-15,-2.6899999999999866
mos2d,0.0,-7.369757045452863e-15,0.0,-1.9383481671255386e-17,2.99999999999998,6.827316623750111e-15,-2.679999999999987
mos2d,0.0,-7.368114299424081e-15,0.0,-4.388899665451187e-16,2.99999999999998,6.671753197048667e-15,-2.669999999999987
mos2d,0.0,-7.674863461350668e-15,0.0,-2.9609868344764274e-16,2.99999999999998,6.5903282352334905e-15,-2.6599999999999873
mos2d,0.0,-7.628111051689914e-15,0.0,-4.524695260760199e-16,2.99999999999998,6.390320824171417e-15,-2.6499999999999875
mos2d,0.0,-7.217834153986296e-15,0.0,-1.5724090647854176e-16,2.99999999999998,7.391058432925504e-15,-2.6399999999999877
mos2d,0.0,-7.612528930720494e-15,0.0,-3.2926816774249235e-16,2.99999999999998,6.783851865260449e-15,-2.629999999999988
mos2d,0.0,-7.745495059978709e-15,0.0,-3.820507066565248e-16,2.99999999999998,6.327957284501258e-15,-2.619999999999988
mos2d,0.0,-7.0559355118553e-15,0.0,-2.4919549656827634e-16,2.99999999999998,5.885160067001432e-15,-2.6099999999999883
mos2d,0.0,-7.59636137969321e-15,0.0,-1.2702534584362184e-16,2.99999999999998,6.375407947994143e-15,-2.5999999999999885
mos2d,0.0,-7.33236351172528e-15,0.0,-3.585620727220784e-16,2.99999999999998,5.9210952579421364e-15,-2.5899999999999888
mos2d,0.0,-7.775297478633881e-15,0.0,-4.451507050990606e-18,2.99999999999998,6.57325671551526e-15,-2.579999999999989
mos2d,0.0,-7.40955969031089e-15,0.0,-4.170983140135543e-16,2.99999999999998,6.964903485236103e-15,-2.569999999999989
mos2d,0.0,-7.528805299801186e-15,0.0,-4.1851191919437503e-16,2.99999999999998,6.479943235401969e-15,-2.5599999999999894
mos2d,0.0,-7.307797413062986e-15,0.0,-8.715326011947764e-17,2.99999999999998,7.078736965812238e-15,-2.5499999999999896
mos2d,0.0,-7.326420050086045e-15,0.0,-4.0977797740074226e-16,2.99999999999998,6.441703361961153e-15,-2.53999999999999
mos2d,0.0,-7.546595697669718e-15,0.0,-4.2684938659632417e-16,2.99999999999998,7.365691415456895e-15,-2.52999999999999
mos2d,0.0,-7.358765421782019e-15,0.0,-1.5332418350177232e-16,2.99999999999998,7.461009984567823e-15,-2.5199999999999902
mos2d,0.0,-7.60890502059735e-15,0.0,-5.817231496101032e-16,2.99999999999998,6.408771675718731e-15,-2.5099999999999905
mos2d,0.0,-7.218608235497235e-15,0.0,-3.7004029881215473e-16,2.99999999999998,6.699220067168815e-15,-2.4999999999999907
mos2d,0.0,-7.140051667002782e-15,0.0,-5.114315483921561e-16,2.99999999999998,6.224672563766789e-15,-2.489999999999991
mos2d,0.0,-7.625443339416836e-15,0.0,-1.7888907570218666e-16,2.99999999999998,7.0409342967017195e-15,-2.479999999999991
mos2d,0.0,-7.392192284107722e-15,0.0,-8.266931777311459e-17,2.99999999999998,6.729767305040131e-15,-2.4699999999999913
mos2d,0.0,-7.570498532199003e-15,0.0,-1.838743500762425e-16,2.99999999999998,6.849153391725526e-15,-2.4599999999999915
mos2d,0.0,-7.640274876982994e-15,0.0,-1.6544822757653815e-16,2.99999999999998,6.592429548904803e-15,-2.4499999999999917
mos2d,0.0,-7.60569239837098e-15,0.0,-2.382800037883776e-16,2.99999999999998,7.391920211299336e-15,-2.439999999999992
mos2d,0.0,-7.51581936108665e-15,0.0,-2.9507687495561814e-17,2.99999999999998,6.7861832084885776e-15,-2.429999999999992
mos2d,0.0,-7.641574504766839e-15,0.0,-2.1005616729466102e-16,2.99999999999998,6.3404145368747484e-15,-2.4199999999999924
mos2d,0.0,-7.492461945408833e-15,0.0,-2.945125460959242e-16,2.99999999999998,6.802173527720421e-15,-2.4099999999999926
mos2d,0.0,-7.321654931081761e-15,0.0,-2.2391830990808553e-16,2.99999999999998,7.182566850537606e-15,-2.399999999999993
mos2d,0.0,-8.021852614119952e-15,0.0,-1.3008850048978945e-16,2.99999999999998,6.466568040787526e-15,-2.389999999999993
mos2d,0.0,-7.390614132266313e-15,0.0,-1.92487116357698e-16,2.99999999999998,6.904008459481103e-15,-2.3799999999999932
mos2d,0.0,-7.492879651971264e-15,0.0,-6.623240183380682e-16,2.99999999999998,6.318839543598812e-15,-2.3699999999999934
mos2d,0.0,-7.460867821040155e-15,0.0,-3.243977395657675e-16,2.99999999999998,6.373935955757784e-15,-2.3599999999999937
mos2d,0.0,-7.60075467368121e-15,0.0,-4.537236583110315e-16,2.99999999999998,6.114083658003811e-15,-2.349999999999994
mos2d,0.0,-7.306286756169424e-15,0.0,-3.6112443582473764e-16,2.99999999999998,7.030789592817805e-15,-2.339999999999994
mos2d,0.0,-7.716703332058267e-15,0.0,-3.633237217562518e-16,2.99999999999998,6.4778950968180506e-15,-2.3299999999999943
mos2d,0.0,-7.813710750876056e-15,0.0,-5.837623610838417e-16,2.99999999999998,7.030349555577966e-15,-2.3199999999999945
mos2d,0.0,-7.549732966223138e-15,0.0,-2.8617632041649486e-16,2.99999999999998,7.596599056364182e-15,-2.3099999999999947
mos2d,0.0,-7.473431980838997e-15,0.0,-1.053046241608902e-16,2.99999999999998,7.242350891413663e-15,-2.299999999999995
mos2d,0.0,-7.456684403640569e-15,0.0,-1.393290675894059e-16,2.99999999999998,7.81734374423089e-15,-2.289999999999995
mos2d,0.0,-7.461562616298436e-15,0.0,-1.2361632163348387e-16,2.99999999999998,7.218353077688494e-15,-2.2799999999999954
mos2d,0.0,-7.651787274853766e-15,0.0,-3.445717922006774e-16,2.99999999999998,6.967271618732415e-15,-2.2699999999999956
mos2d,0.0,-7.493324822363955e-15,0.0,-4.017474444377012e-16,2.99999999999998,6.2765735014219245e-15,-2.259999999999996
mos2d,0.0,-7.530424151246892e-15,0.0,-3.623450991385648e-16,2.99999999999998,7.799369777551496e-15,-2.249999999999996
mos2d,0.0,-7.525915473419353e-15,0.0,3.581020563410033e-18,2.99999999999998,6.713115354192686e-15,-2.239999999999996
mos2d,0.0,-7.408988696496348e-15,0.0,-4.0400548665488957e-16,2.99999999999998,7.474985482630621e-15,-2.2299999999999964
mos2d,0.0,-7.437613286252829e-15,0.0,-3.1125417966311184e-16,2.99999999999998,6.993667181989125e-15,-2.2199999999999966
mos2d,0.0,-7.819708260877277e-15,0.0,-8.111978940070246e-17,2.99999999999998,7.34508840037335e-15,-2.209999999999997
mos2d,0.0,-7.577793192507898e-15,0.0,-2.7978902404143207e-16,2.99999999999998,7.431318539377862e-15,-2.199999999999997
mos2d,0.0,-7.787453584370823e-15,0.0,-2.1925049259057597e-16,2.99999999999998,6.8845623079125955e-15,-2.1899999999999973
mos2d,0.0,-7.446595935136855e-15,0.0,-2.6850884563949912e-16,2.99999999999998,6.6802122829286265e-15,-2.1799999999999975
mos2d,0.0,-7.477011608382723e-15,0.0,1.381705585749903e-16,2.99999999999998,7.343942290211371e-15,-2.1699999999999977
mos2d,0.0,-7.169631821721876e-15,0.0,-4.577330978959501e-16,2.99999999999998,6.340869570663506e-15,-2.159999999999998
mos2d,0.0,-7.412048759772138e-15,0.0,-1.8760849857075582e-16,2.99999999999998,6.5458778996990726e-15,-2.149999999999998
mos2d,0.0,-7.356298140921186e-15,0.0,-2.5436316520223167e-16,2.99999999999998,6.657151641040757e-15,-2.1399999999999983
mos2d,0.0,-7.688982642110694e-15,0.0,-4.121944632067489e-16,2.99999999999998,6.802028853085076e-15,-2.1299999999999986
mos2d,0.0,-7.510357595374152e-15,0.0,-4.4382302064535235e-16,2.99999999999998,6.844374810435538e-15,-2.1199999999999988
mos2d,0.0,-8.214030746563322e-15,0.0,-3.0960653052128994e-16,2.99999999999998,6.596413348291082e-15,-2.109999999999999
mos2d,0.0,-7.745754734337403e-15,0.0,-3.916764686919979e-16,2.99999999999998,6.372391269631211e-15,-2.099999999999999
mos2d,0.0,-7.709251511932405e-15,0.0,-2.946295726762941e-16,2.99999999999998,6.582555066091922e-15,-2.0899999999999994
mos2d,0.0,-7.669012129319402e-15,0.0,-5.153884549263383e-16,2.99999999999998,6.1158437029464354e-15,-2.0799999999999996
mos2d,0.0,-7.355587595206459e-15,0.0,-1.146328301341857e-16,2.99999999999998,7.189497176541753e-15,-2.07
mos2d,0.0,-7.715949178860219e-15,0.0,-2.7181361134324013e-17,2.99999999999998,6.561024387570283e-15,-2.06
mos2d,0.0,-7.547302356041761e-15,0.0,-4.7156624445369e-16,2.99999999999998,7.148405777840005e-15,-2.0500000000000003
mos2d,0.0,-7.444986129730394e-15,0.0,-1.3440832889851517e-16,2.99999999999998,7.19260601311718e-15,-2.0400000000000005
mos2d,0.0,-7.714108350760168e-15,0.0,-4.2010080089530843e-16,2.99999999999998,6.172825234552984e-15,-2.0300000000000007
mos2d,0.0,-7.869032942548083e-15,0.0,-4.719762853872909e-16,2.99999999999998,6.637844558103589e-15,-2.020000000000001
mos2d,0.0,-7.442661532583634e-15,0.0,-3.508252508202185e-16,2.99999999999998,6.870023546606311e-15,-2.010000000000001
mos2d,0.0,-7.814825749884695e-15,0.0,-1.6786432161921722e-16,2.99999999999998,6.18000989308874e-15,-2.0000000000000013
mos2d,0.0,-7.665124069066088e-15,0.0,-2.9939781871190126e-16,2.99999999999998,6.255849396036511e-15,-1.9900000000000013
mos2d,0.0,-7.91509075163698e-15,0.0,-1.2080619955721206e-16,2.99999999999998,6.656989817031981e-15,-1.9800000000000013
mos2d,0.0,-7.576828959423944e-15,0.0,-1.2349592676508996e-16,2.99999999999998,7.448779088943535e-15,-1.9700000000000013
mos2d,0.0,-7.861264355833401e-15,0.0,-2.5628058101401136e-16,2.99999999999998,7.065279726077367e-15,-1.9600000000000013
mos2d,0.0,-7.749970174812425e-15,0.0,-2.855404410198214e-16,2.99999999999998,7.103041731166336e-15,-1.9500000000000013
mos2d,0.0,-7.406784692065146e-15,0.0,-4.0080220480375894e-16,2.99999999999998,7.232174798977246e-15,-1.9400000000000013
mos2d,0.0,-7.531741833792707e-15,0.0,-4.387658370031778e-16,2.99999999999998,6.3406048131155545e-15,-1.9300000000000013
mos2d,0.0,-7.824825848267623e-15,0.0,-5.024303042862729e-16,2.99999999999998,6.743013260984326e-15,-1.9200000000000013
mos2d,0.0,-7.43420776450567e-15,0.0,-3.466773606501511e-16,2.99999999999998,6.622158598383493e-15,-1.9100000000000013
mos2d,0.0,-7.524905918588118e-15,0.0,-2.539370103902618e-16,2.99999999999998,7.0437725311907524e-15,-1.9000000000000012
mos2d,0.0,-7.875229225317536e-15,0.0,-5.291411340946699e-16,2.99999999999998,7.143870427432818e-15,-1.8900000000000012
mos2d,0.0,-7.741913514601747e-15,0.0,-7.719310438769734e-17,2.99999999999998,6.770038697705111e-15,-1.8800000000000012
mos2d,0.0,-7.867473766176974e-15,0.0,-2.173231041181946e-16,2.99999999999998,6.545827974253879e-15,-1.8700000000000012
mos2d,0.0,-7.454451196192485e-15,0.0,-2.823344604354895e-16,2.99999999999998,6.130221616384406e-15,-1.8600000000000012
mos2d,0.0,-7.446654764983288e-15,0.0,-1.9537227548344573e-16,2.99999999999998,6.105768694282452e-15,-1.8500000000000012
mos2d,0.0,-7.85366255035676e-15,0.0,-3.6247155154292424e-16,2.99999999999998,6.609222882106976e-15,-1.8400000000000012
mos2d,0.0,-7.453151861006053e-15,0.0,-4.591102324286334e-16,2.99999999999998,6.318860327476521e-15,-1.8300000000000012
mos2d,0.0,-7.242254486012484e-15,0.0,-1.7374726736365172e-16,2.99999999999998,6.9411810837036494e-15,-1.8200000000000012
mos2d,0.0,-7.474662802930776e-15,0.0,-3.3540137033720884e-16,2.99999999999998,6.308387703083577e-15,-1.8100000000000012
mos2d,0.0,-7.26430545348532e-15,0.0,-1.908135639750589e-16,2.99999999999998,7.63008660254746e-15,-1.8000000000000012
mos2d,0.0,-7.231876687359724e-15,0.0,-2.0515831720109246e-16,2.99999999999998,6.833266395128862e-15,-1.7900000000000011
mos2d,0.0,-7.472432407114813e-15,0.0,-4.2362658767165787e-16,2.99999999999998,6.404142581165509e-15,-1.7800000000000011
mos2d,0.0,-7.709570061699697e-15,0.0,-2.750179267466764e-16,2.99999999999998,5.9933264554901e-15,-1.7700000000000011
mos2d,0.0,-7.353274937753427e-15,0.0,-3.740514072515606e-16,2.99999999999998,7.360848964798581e-15,-1.7600000000000011
mos2d,0.0,-7.588913952357248e-15,0.0,-3.9819976531914984e-16,2.99999999999998,6.919173528602832e-15,-1.750000000000001
mos2d,0.0,-7.795967716173487e-15,0.0,-5.078288272217664e-16,2.99999999999998,6.71627016551564e-15,-1.740000000000001
mos2d,0.0,-7.516047655323838e-15,0.0,-2.5911771463716986e-16,2.99999999999998,7.473124152366188e-15,-1.730000000000001
mos2d,0.0,-7.627681911709131e-15,0.0,-1.3844713451444826e-16,2.99999999999998,7.524459481120168e-15,-1.720000000000001
mos2d,0.0,-7.379303194539133e-15,0.0,-3.6499366216998036e-16,2.99999999999998,6.931003792516919e-15,-1.710000000000001
mos2d,0.0,-7.925507135307633e-15,0.0,-1.644015096121868e-16,2.99999999999998,7.415758651610354e-15,-1.700000000000001
mos2d,0.0,-7.786512123061125e-15,0.0,-9.001561947514955e-18,2.99999999999998,7.260656798413756e-15,-1.690000000000001
mos2d,0.0,-7.800814227543305e-15,0.0,-2.4491271546115164e-16,2.99999999999998,6.875598284827139e-15,-1.680000000000001
mos2d,0.0,-7.756569238973806e-15,0.0,-3.6138368771513957e-16,2.99999999999998,6.2138836245447855e-15,-1.670000000000001
mos2d,0.0,-7.882527632057866e-15,0.0,-3.6864558957752795e-16,2.99999999999998,6.369436145758305e-15,-1.660000000000001
mos2d,0.0,-7.903645991104157e-15,0.0,-1.5508909884305998e-16,2.99999999999998,7.010497894755133e-15,-1.650000000000001
mos2d,0.0,-7.770457538821116e-15,0.0,-5.354625670991465e-16,2.99999999999998,7.176709069358812e-15,-1.640000000000001
mos2d,0.0,-7.615217912915276e-15,0.0,-2.308150093258122e-16,2.99999999999998,6.483873612263605e-15,-1.630000000000001
mos2d,0.0,-7.871112997443591e-15,0.0,-1.4303079756527965e-16,2.99999999999998,7.614330425747246e-15,-1.620000000000001
mos2d,0.0,-7.901537741499748e-15,0.0,-1.694072442398421e-17,2.99999999999998,6.825946068805288e-15,-1.610000000000001
mos2d,0.0,-7.76824639606186e-15,0.0,-8.853939693133779e-17,2.99999999999998,6.72482199557202e-15,-1.600000000000001
mos2d,0.0,-7.809166573626566e-15,0.0,-3.0280277334579433e-16,2.99999999999998,7.362774501849603e-15,-1.590000000000001
mos2d,0.0,-8.091343383647869e-15,0.0,-3.6243016399940225e-16,2.99999999999998,6.771968424504046e-15,-1.580000000000001
mos2d,0.0,-8.091521421637848e-15,0.0,-4.2500145425791045e-16,2.99999999999998,6.35941554987926e-15,-1.570000000000001
mos2d,0.0,-7.470994165725484e-15,0.0,-3.3764997990108515e-16,2.99999999999998,6.3020646210228896e-15,-1.560000000000001
mos2d,0.0,-7.714402210253736e-15,0.0,-3.039169275340413e-16,2.99999999999998,7.366383121347596e-15,-1.550000000000001
mos2d,0.0,-7.541896802459774e-15,0.0,-3.059329371176445e-16,2.99999999999998,6.820761666372032e-15,-1.540000000000001
mos2d,0.0,-7.766818488721895e-15,0.0,-7.983437575296454e-17,2.99999999999998,6.49153800147743e-15,-1.530000000000001
mos2d,0.0,-7.787505879899293e-15,0.0,-3.838027063405021e-16,2.99999999999998,7.215511440300357e-15,-1.520000000000001
mos2d,0.0,-8.073801723767776e-15,0.0,-6.982629027133095e-17,2.99999999999998,6.408161080266584e-15,-1.510000000000001
mos2d,0.0,-7.819706254046823e-15,0.0,2.1029051776134504e-17,2.99999999999998,7.038425531659e-15,-1.5000000000000009
mos2d,0.0,-7.561253022296724e-15,0.0,-1.6333967739678684e-16,2.99999999999998,6.769530909108759e-15,-1.4900000000000009
mos2d,0.0,-7.574802169604178e-15,0.0,-1.9983162581111848e-16,2.99999999999998,7.495551960215956e-15,-1.4800000000000009
mos2d,0.0,-7.631922612638357e-15,0.0,-4.647963984995838e-16,2.99999999999998,6.894889408610849e-15,-1.4700000000000009
mos2d,0.0,-7.79956513599264e-15,0.0,-4.3961820702896786e-16,2.99999999999998,7.153619033076584e-15,-1.4600000000000009
mos2d,0.0,-7.800053960291224e-15,0.0,-6.573694907305769e-16,2.99999999999998,6.635096451974921e-15,-1.4500000000000008
mos2d,0.0,-7.67773396567304e-15,0.0,-4.199698822101685e-16,2.99999999999998,7.279227708798267e-15,-1.4400000000000008
mos2d,0.0,-7.560480231669096e-15,0.0,-1.0955929257839984e-17,2.99999999999998,6.602473143592352e-15,-1.4300000000000008
mos2d,0.0,-7.586401226184176e-15,0.0,-1.8194104770517093e-16,2.99999999999998,6.510725218935754e-15,-1.4200000000000008
mos2d,0.0,-7.890759243040663e-15,0.0,-2.984408025178912e-16,2.99999999999998,6.646582222897986e-15,-1.4100000000000008
mos2d,0.0,-7.500092286019498e-15,0.0,-3.569472796067323e-16,2.99999999999998,7.495626935931532e-15,-1.4000000000000008
mos2d,0.0,-7.809724717725093e-15,0.0,-2.4718376352866507e-16,2.99999999999998,7.009381822643699e-15,-1.3900000000000008
mos2d,0.0,-7.775055269367567e-15,0.0,-2.0905301358763573e-16,2.99999999999998,6.59848305619696e-15,-1.3800000000000008
mos2d,0.0,-7.581115798610594e-15,0.0,-2.074270155623679e-16,2.99999999999998,8.021636833149345e-15,-1.3700000000000008
mos2d,0.0,-7.832236390098743e-15,0.0,-2.6236319755448505e-16,2.99999999999998,6.730859653011078e-15,-1.3600000000000008
mos2d,0.0,-7.766551815883435e-15,0.0,-2.1870704307887143e-16,2.99999999999998,7.094590455136239e-15,-1.3500000000000008
mos2d,0.0,-7.724160069869986e-15,0.0,-2.637630520174404e-16,2.99999999999998,6.7723351680180556e-15,-1.3400000000000007
mos2d,0.0,-7.576215246777412e-15,0.0,-2.7801667764904806e-16,2.99999999999998,6.622627296228621e-15,-1.3300000000000007
mos2d,0.0,-7.786990166865972e-15,0.0,-1.2632854589633015e-16,2.99999999999998,6.66553575675342e-15,-1.3200000000000007
mos2d,0.0,-7.642132338755847e-15,0.0,-2.560610301381565e-16,2.99999999999998,7.53007623129822e-15,-1.3100000000000007
mos2d,0.0,-8.000248066164584e-15,0.0,-3.372044289536836e-16,2.99999999999998,7.541799676048138e-15,-1.3000000000000007
mos2d,0.0,-7.665171342010373e-15,0.0,-2.46859922660601e-16,2.99999999999998,6.7382511698868245e-15,-1.2900000000000007
mos2d,0.0,-7.606984517709368e-15,0.0,-3.286356432017865e-16,2.99999999999998,6.328740842234814e-15,-1.2800000000000007
mos2d,0.0,-7.886655385062566e-15,0.0,-2.3401251950972775e-16,2.99999999999998,6.836046434181243e-15,-1.2700000000000007
mos2d,0.0,-7.809414536408266e-15,0.0,-1.3898108855616407e-16,2.99999999999998,6.928573158436675e-15,-1.2600000000000007
mos2d,0.0,-7.967798880653458e-15,0.0,-2.015494582052492e-16,2.99999999999998,6.730499075057724e-15,-1.2500000000000007
mos2d,0.0,-7.484552011633743e-15,0.0,-4.1802905020673193e-16,2.99999999999998,7.674413237011583e-15,-1.2400000000000007
mos2d,0.0,-7.950792456874862e-15,0.0,-4.851824382433024e-16,2.99999999999998,6.277480840957214e-15,-1.2300000000000006
mos2d,0.0,-8.07876522222432e-15,0.0,-2.0541832708310986e-16,2.99999999999998,7.426632086351738e-15,-1.2200000000000006
mos2d,0.0,-8.26339367632508e-15,0.0,-2.9291792224199803e-16,2.99999999999998,7.254244808358786e-15,-1.2100000000000006
mos2d,0.0,-7.567158230511262e-15,0.0,-3.013173964657688e-16,2.99999999999998,7.265143967039606e-15,-1.2000000000000006
mos2d,0.0,-7.87788976519599e-15,0.0,-1.39855150694441e-16,2.99999999999998,7.315826385357165e-15,-1.1900000000000006
mos2d,0.0,-8.068165925994779e-15,0.0,-5.702732941235779e-17,2.99999999999998,7.045935888235487e-15,-1.1800000000000006
mos2d,0.0,-7.738174785737807e-15,0.0,-3.9860292919398026e-16,2.99999999999998,7.312412392578329e-15,-1.1700000000000006
mos2d,0.0,-7.676071566070353e-15,0.0,-3.9580098493350495e-16,2.99999999999998,6.942082695233264e-15,-1.1600000000000006
mos2d,0.0,-8.100851323165568e-15,0.0,-4.526817148205471e-16,2.99999999999998,6.889099276358246e-15,-1.1500000000000006
mos2d,0.0,-8.119562179165066e-15,0.0,-1.5081931690516365e-16,2.99999999999998,6.497612494511487e-15,-1.1400000000000006
mos2d,0.0,-8.166172235858027e-15,0.0,-3.094437739755071e-16,2.99999999999998,7.13962301869063e-15,-1.1300000000000006
mos2d,0.0,-7.885792395678855e-15,0.0,-1.7731960258195645e-16,2.99999999999998,6.597430678393117e-15,-1.1200000000000006
mos2d,0.0,-7.690807776223934e-15,0.0,-3.967422197872984e-16,2.99999999999998,6.6650957276072635e-15,-1.1100000000000005
mos2d,0.0,-8.101426789606467e-15,0.0,-3.8841074232819053e-16,2.99999999999998,7.087247220563153e-15,-1.1000000000000005
mos2d,0.0,-7.996845800528616e-15,0.0,-3.3536374426873393e-16,2.99999999999998,6.702223508834881e-15,-1.0900000000000005
mos2d,0.0,-7.689194807643103e-15,0.0,-1.0049959571307635e-16,2.99999999999998,7.122719497263514e-15,-1.0800000000000005
mos2d,0.0,-8.127178447941773e-15,0.0,-3.0388632404601825e-16,2.99999999999998,7.0279047726736346e-15,-1.0700000000000005
mos2d,0.0,-8.049472479245131e-15,0.0,-4.0458200199882586e-16,2.99999999999998,6.5980919944827695e-15,-1.0600000000000005
mos2d,0.0,-7.717388749040187e-15,0.0,-4.656648325076378e-16,2.99999999999998,8.419000485544053e-15,-1.0500000000000005
mos2d,0.0,-8.024616448848974e-15,0.0,-2.1569421268641973e-16,2.99999999999998,7.0845416619274186e-15,-1.0400000000000005
mos2d,0.0,-7.985600061325295e-15,0.0,-4.339980690829326e-16,2.99999999999998,7.808936983363945e-15,-1.0300000000000005
mos2d,0.0,-8.072403952319557e-15,0.0,-4.388014514757992e-16,2.99999999999998,7.273545474625222e-15,-1.0200000000000005
mos2d,0.0,-8.065551730179715e-15,0.0,-4.262983134500258e-16,2.99999999999998,7.063735665806994e-15,-1.0100000000000005
mos2d,0.0,-7.889830047103898e-15,0.0,-2.925762094008796e-16,2.99999999999998,6.6260206935328e-15,-1.0000000000000004
mos2d,0.0,-7.82438560718233e-15,0.0,-3.3624827349232756e-16,2.99999999999998,6.8319511945942296e-15,-0.9900000000000004
mos2d,0.0,-8.136422115865589e-15,0.0,-3.079914899075313e-16,2.99999999999998,6.487504714113631e-15,-0.9800000000000004
mos2d,0.0,-8.161446365445144e-15,0.0,-2.7089693686761723e-16,2.99999999999998,6.693850616051012e-15,-0.9700000000000004
mos2d,0.0,-8.158533385264584e-15,0.0,-4.056017860529176e-16,2.99999999999998,7.47195653513042e-15,-0.9600000000000004
mos2d,0.0,-8.093767687903844e-15,0.0,-4.442712540403835e-16,2.99999999999998,7.762225416690945e-15,-0.9500000000000004
mos2d,0.0,-8.004958824323033e-15,0.0,-2.288223130728732e-16,2.99999999999998,7.765290746280841e-15,-0.9400000000000004
mos2d,0.0,-8.24060645176518e-15,0.0,-4.61455853959754e-16,2.99999999999998,7.697225216493568e-15,-0.9300000000000004
mos2d,0.0,-8.35372858501501e-15,0.0,-5.279715866284208e-16,2.99999999999998,7.519978392721614e-15,-0.9200000000000004
mos2d,0.0,-8.087960860385014e-15,0.0,1.5250034058469828e-17,2.99999999999998,8.443757040147143e-15,-0.9100000000000004
mos2d,0.0,-8.058937655134653e-15,0.0,-2.0686152792217424e-16,2.99999999999998,6.613784496878143e-15,-0.9000000000000004
mos2d,0.0,-8.165962927617218e-15,0.0,-1.6602769952954601e-16,2.99999999999998,7.342767789313327e-15,-0.8900000000000003
mos2d,0.0,-8.187527430423373e-15,0.0,-2.5459306932846184e-16,2.99999999999998,7.089651594348309e-15,-0.8800000000000003
mos2d,0.0,-8.051254456856594e-15,0.0,-2.991221521615347e-16,2.99999999999998,6.75283517230707e-15,-0.8700000000000003
mos2d,0.0,-7.984428626085629e-15,0.0,-4.913289159427307e-16,2.99999999999998,6.950531425214738e-15,-0.8600000000000003
mos2d,0.0,-8.220131389966594e-15,0.0,-3.7644470896584393e-16,2.99999999999998,7.505645410484543e-15,-0.8500000000000003
mos2d,0.0,-8.433702576631988e-15,0.0,-3.7773336127604214e-16,2.99999999999998,8.307961834065703e-15,-0.8400000000000003
mos2d,0.0,-7.749868662186978e-15,0.0,-3.047416692823604e-16,2.99999999999998,7.255292708446729e-15,-0.8300000000000003
mos2d,0.0,-8.100927135989554e-15,0.0,-3.283722499995329e-16,2.99999999999998,7.269614816095192e-15,-0.8200000000000003
mos2d,0.0,-8.03396980269022e-15,0.0,-3.32157458939267e-16,2.99999999999998,7.688803817906962e-15,-0.8100000000000003
mos2d,0.0,-8.446712194519064e-15,0.0,-3.639920240036214e-16,2.99999999999998,7.419294042829257e-15,-0.8000000000000003
mos2d,0.0,-8.337092305085611e-15,0.0,-9.291129743135357e-17,2.99999999999998,8.320284288303142e-15,-0.7900000000000003
mos2d,0.0,-7.899479288042627e-15,0.0,-4.875868009757164e-16,2.99999999999998,7.109049193474928e-15,-0.7800000000000002
mos2d,0.0,-8.45946748986605e-15,0.0,-1.1480323032214777e-16,2.99999999999998,7.896215035888157e-15,-0.7700000000000002
mos2d,0.0,-8.082010442207998e-15,0.0,-1.636448430716157e-16,2.99999999999998,7.26794322680027e-15,-0.7600000000000002
mos2d,0.0,-8.419951528648316e-15,0.0,-4.0575535331145986e-16,2.99999999999998,7.494847809947e-15,-0.7500000000000002
mos2d,0.0,-8.064590011037404e-15,0.0,-2.9320209296926227e-16,2.99999999999998,7.0846801459486926e-15,-0.7400000000000002
mos2d,0.0,-8.203511813328918e-15,0.0,-1.0727105747843718e-16,2.99999999999998,7.286823729446368e-15,-0.7300000000000002
mos2d,0.0,-8.37680805761629e-15,0.0,-1.2536226503101933e-16,2.99999999999998,7.835475201635266e-15,-0.7200000000000002
mos2d,0.0,-8.132181758139447e-15,0.0,-4.934674272818803e-16,2.99999999999998,6.857253736632075e-15,-0.7100000000000002
mos2d,0.0,-7.97479074284909e-15,0.0,-4.656819702673011e-16,2.99999999999998,7.349371158041307e-15,-0.7000000000000002
mos2d,0.0,-8.448749386981208e-15,0.0,-4.764093230345646e-16,2.99999999999998,7.256470736667157e-15,-0.6900000000000002
mos2d,0.0,-8.412335794734159e-15,0.0,-2.9808599394370633e-16,2.99999999999998,7.355939709060964e-15,-0.6800000000000002
mos2d,0.0,-8.39190016263388e-15,0.0,-3.070752236190406e-16,2.99999999999998,7.940350370510086e-15,-0.6700000000000002
mos2d,0.0,-8.401438711784071e-15,0.0,-3.36033099866213e-16,2.99999999999998,7.547139943935326e-15,-0.6600000000000001
mos2d,0.0,-8.215899074553638e-15,0.0,-3.2214829085095588e-16,2.99999999999998,7.554720585795561e-15,-0.6500000000000001
mos2d,0.0,-8.795565557195266e-15,0.0,-4.565949531901982e-16,2.99999999999998,7.498102912185696e-15,-0.6400000000000001
mos2d,0.0,-8.25824419424774e-15,0.0,-6.155892779667773e-16,2.99999999999998,7.197393484113524e-15,-0.6300000000000001
mos2d,0.0,-8.608772282454205e-15,0.0,-4.253325874479586e-16,2.99999999999998,7.604545398671745e-15,-0.6200000000000001
mos2d,0.0,-8.693034978471858e-15,0.0,-3.9836734836537537e-16,2.99999999999998,7.58551042757529e-15,-0.6100000000000001
mos2d,0.0,-8.469876786972279e-15,0.0,-2.128120763646369e-16,2.99999999999998,7.589876011505521e-15,-0.6000000000000001
mos2d,0.0,-8.585826719694581e-15,0.0,-2.4541098615260945e-16,2.99999999999998,7.715442218502413e-15,-0.5900000000000001
mos2d,0.0,-8.740756202218377e-15,0.0,-2.4189684377272597e-16,2.99999999999998,8.203196444069053e-15,-0.5800000000000001
mos2d,0.0,-8.800290471833779e-15,0.0,-4.878057666348817e-16,2.99999999999998,8.058581630727927e-15,-0.5700000000000001
mos2d,0.0,-8.60251324056046e-15,0.0,-6.356114083864668e-16,2.99999999999998,7.238489935506399e-15,-0.56
mos2d,0.0,-8.673973750145599e-15,0.0,-1.0849022348951614e-16,2.99999999999998,8.427058898052419e-15,-0.55
mos2d,0.0,-8.616734987100802e-15,0.0,-3.8796322254094815e-16,2.99999999999998,7.402012110802195e-15,-0.54
mos2d,0.0,-8.72748366629447e-15,0.0,-3.064605111762773e-16,2.99999999999998,7.27553024231109e-15,-0.53
mos2d,0.0,-8.572843183513101e-15,0.0,-5.33470694427606e-16,2.99999999999998,7.704178530222165e-15,-0.52
mos2d,0.0,-8.824780272232426e-15,0.0,-2.0084736513737261e-16,2.99999999999998,7.592404963161202e-15,-0.51
mos2d,0.0,-8.722906192179068e-15,0.0,-3.252049644891593e-16,2.99999999999998,7.411674008750801e-15,-0.5
mos2d,0.0,-9.034270018754584e-15,0.0,-1.6985817275473534e-16,2.99999999999998,7.793603685741759e-15,-0.49
mos2d,0.0,-8.693278790223693e-15,0.0,-3.0361594010306634e-16,2.99999999999998,7.626110460826196e-15,-0.48
mos2d,0.0,-8.67484127558092e-15,0.0,-4.784696986075876e-16,2.99999999999998,8.025808791023555e-15,-0.47
mos2d,0.0,-8.758303499295984e-15,0.0,-1.4545064590705456e-16,2.99999999999998,7.272042038911951e-15,-0.45999999999999996
mos2d,0.0,-8.908812577446048e-15,0.0,-2.563582502005872e-16,2.99999999999998,7.948249738096269e-15,-0.44999999999999996
mos2d,0.0,-8.830671164200157e-15,0.0,-4.752019754280192e-16,2.99999999999998,8.066012928494193e-15,-0.43999999999999995
mos2d,0.0,-9.028314424736327e-15,0.0,-2.9999492757849114e-16,2.99999999999998,8.70520125278819e-15,-0.42999999999999994
mos2d,0.0,-9.333821649232667e-15,0.0,-4.4283111703218274e-16,2.99999999999998,7.891083662950201e-15,-0.41999999999999993
mos2d,0.0,-9.317167953662942e-15,0.0,-1.7810902164996483e-16,2.99999999999998,7.867758241146468e-15,-0.4099999999999999
mos2d,0.0,-8.808737201619261e-15,0.0,-3.892767593121764e-16,2.99999999999998,8.746851927031603e-15,-0.3999999999999999
mos2d,0.0,-8.970345576892986e-15,0.0,-7.809616602853106e-17,2.99999999999998,8.93220961932825e-15,-0.3899999999999999
mos2d,0.0,-8.829499577360182e-15,0.0,-3.9361857377986616e-16,2.99999999999998,8.493479142615221e-15,-0.3799999999999999
mos2d,0.0,-9.014491345585394e-15,0.0,-2.3240581791326557e-16,2.99999999999998,8.320371485675418e-15,-0.3699999999999999
mos2d,0.0,-9.084998103748686e-15,0.0,-2.972141150511127e-16,2.99999999999998,8.892938772088768e-15,-0.3599999999999999
mos2d,0.0,-9.042762169879394e-15,0.0,-4.735227272361885e-16,2.99999999999998,8.053290717910732e-15,-0.34999999999999987
mos2d,0.0,-9.083921244431865e-15,0.0,-4.669630199963399e-16,2.99999999999998,8.455853264696897e-15,-0.33999999999999986
mos2d,0.0,-9.49087830919131e-15,0.0,-4.164040776121034e-16,2.99999999999998,8.303955785301192e-15,-0.32999999999999985
mos2d,0.0,-9.332600818488216e-15,0.0,-5.167389120851023e-16,2.99999999999998,9.280933166611246e-15,-0.31999999999999984
mos2d,0.0,-9.472167137502106e-15,0.0,-7.691002614184161e-17,2.99999999999998,9.214023964304794e-15,-0.30999999999999983
mos2d,0.0,-9.181019961785187e-15,0.0,-3.969509908791171e-16,2.99999999999998,8.375372428477307e-15,-0.2999999999999998
mos2d,0.0,-9.288498735762843e-15,0.0,-3.540055605763838e-16,2.99999999999998,8.277926592390788e-15,-0.2899999999999998
mos2d,0.0,-9.133667458239435e-15,0.0,-1.0944050934278936e-16,2.99999999999998,8.639621740515709e-15,-0.2799999999999998
mos2d,0.0,-9.394051273269527e-15,0.0,-5.295416602871971e-16,2.99999999999998,8.72393963556508e-15,-0.2699999999999998
mos2d,0.0,-9.576368998745338e-15,0.0,-2.598374916097748e-16,2.99999999999998,8.478307645182869e-15,-0.2599999999999998
mos2d,0.0,-9.305239557670947e-15,0.0,-3.422941542470647e-16,2.99999999999998,8.4219379767605e-15,-0.24999999999999978
mos2d,0.0,-9.66590807260442e-15,0.0,-4.1891767114189957e-16,2.99999999999998,9.661342892391299e-15,-0.23999999999999977
mos2d,0.0,-9.581083577360887e-15,0.0,-7.109038452830653e-16,2.99999999999998,9.652037475046622e-15,-0.22999999999999976
mos2d,0.0,-9.712509120406942e-15,0.0,-3.2406715365118445e-16,2.99999999999998,8.56270434518715e-15,-0.21999999999999975
mos2d,0.0,-1.0089367045153246e-14,0.0,-3.795579707601153e-16,2.99999999999998,9.042713411032976e-15,-0.20999999999999974
mos2d,0.0,-9.62012017959196e-15,0.0,-4.637880017187774e-16,2.99999999999998,8.905914174029248e-15,-0.19999999999999973
mos2d,0.0,-1.0130290366608908e-14,0.0,-3.656392556980761e-16,2.99999999999998,8.830160412873522e-15,-0.18999999999999972
mos2d,0.0,-9.687042298760643e-15,0.0,-4.999579605473828e-16,2.99999999999998,8.875713503584364e-15,-0.17999999999999972
mos2d,0.0,-1.0041176428401014e-14,0.0,-5.601267937184373e-17,2.99999999999998,9.392681610822657e-15,-0.1699999999999997
mos2d,0.0,-1.0258005416159754e-14,0.0,-5.537893635015503e-16,2.99999999999998,9.656325426898627e-15,-0.1599999999999997
mos2d,0.0,-1.0151481075657084e-14,0.0,-3.860287484779558e-16,2.99999999999998,9.91300905073432e-15,-0.1499999999999997
mos2d,0.0,-1.0221543752056694e-14,0.0,-6.385180742730741e-16,2.99999999999998,1.0593202823716098e-14,-0.13999999999999968
mos2d,0.0,-1.0134989054535284e-14,0.0,-8.92745483052151e-16,2.99999999999998,9.246180788184638e-15,-0.12999999999999967
mos2d,0.0,-1.001384135815768e-14,0.0,-8.51381805080894e-16,2.99999999999998,9.262645387958515e-15,-0.11999999999999968
mos2d,0.0,-1.0193987464890756e-14,0.0,-9.431093869307629e-16,2.99999999999998,1.0210795551577247e-14,-0.10999999999999968
mos2d,0.0,-1.0321777305745906e-14,0.0,-1.3135177230743973e-15,2.99999999999998,1.0071556854553976e-14,-0.09999999999999969
mos2d,0.0,-1.0596073658498044e-14,0.0,-1.6605198853379873e-15,2.99999999999998,1.1316253363765598e-14,-0.08999999999999969
mos2d,0.0,-1.0680331462028245e-14,0.0,-1.7147791179995195e-15,2.99999999999998,1.1166822242691362e-14,-0.0799999999999997
mos2d,0.0,-1.0458153825053154e-14,0.0,-1.8481781352652804e-15,2.99999999999998,1.2054937647466883e-14,-0.0699999999999997
mos2d,0.0,-1.036704657297501e-14,0.0,-2.8632783503243245e-15,2.99999999999998,1.179213365512888e-14,-0.0599999999999997
mos2d,0.0,-1.0675619905132924e-14,0.0,-3.4800849746371234e-15,2.99999999999998,1.2548971337723469e-14,-0.0499999999999997
mos2d,0.0,-1.1057531568650884e-14,0.0,-4.4198783369056496e-15,2.99999999999998,1.45718835202794e-14,-0.039999999999999696
mos2d,0.0,-1.1241945878026604e-14,0.0,-5.4323247378275006e-15,2.99999999999998,1.5579077631653297e-14,-0.029999999999999694
mos2d,0.0,-1.1121755380633995e-14,0.0,-7.413120633764479e-15,2.99999999999998,1.7862192863093176e-14,-0.01999999999999969
mos2d,0.0,-1.0813221539099415e-14,0.0,-1.0333731822298736e-14,2.99999999999998,2.0030064258747083e-14,-0.009999999999999691
mos2d,0.0,-1.146715598744427e-14,0.0,-1.3911402199122871e-14,2.99999999999998,2.3893976419079933e-14,3.0878077872387166e-16
mos2d,0.0,-1.1517444180650352e-14,0.0,-1.9260385776570085e-14,2.99999999999998,2.9509560188391807e-14,0.010000000000000309
mos2d,0.0,-1.1404256209516238e-14,0.0,-2.626071421019582e-14,2.99999999999998,3.632521980839787e-14,0.02000000000000031
mos2d,0.0,-1.1339388694032676e-14,0.0,-3.5778262881162034e-14,2.99999999999998,4.6716591788946036e-14,0.03000000000000031
mos2d,0.0,-1.1788701864632849e-14,0.0,-4.973418530293506e-14,2.99999999999998,5.952068550123389e-14,0.04000000000000031
mos2d,0.0,-1.1848644751351654e-14,0.0,-6.898404361959465e-14,2.99999999999998,8.027339606447026e-14,0.050000000000000315
mos2d,0.0,-1.1938548289557339e-14,0.0,-9.586503250260474e-14,2.99999999999998,1.0719641517172345e-13,0.06000000000000032
mos2d,0.0,-1.1936762689211585e-14,0.0,-1.333542078617168e-13,2.99999999999998,1.4511704019648465e-13,0.07000000000000031
mos2d,0.0,-1.2326065373256523e-14,0.0,-1.863840444069198e-13,2.99999999999998,1.9832041814860039e-13,0.08000000000000031
mos2d,0.0,-1.2189499253714926e-14,0.0,-2.612667405189568e-13,2.99999999999998,2.7163221962715617e-13,0.0900000000000003
mos2d,0.0,-1.2515038232465441e-14,0.0,-3.659048747249384e-13,2.99999999999998,3.77284293165609e-13,0.1000000000000003
mos2d,0.0,-1.2771866027682275e-14,0.0,-5.134154104392197e-13,2.99999999999998,5.244657850147874e-13,0.11000000000000029
mos2d,0.0,-1.2908662462415181e-14,0.0,-7.209299036330145e-13,2.99999999999998,7.322369828251698e-13,0.12000000000000029
mos2d,0.0,-1.3352726971048553e-14,0.0,-1.0127552266161507e-12,2.99999999999998,1.0255266904659234e-12,0.13000000000000028
mos2d,0.0,-1.3534262402407726e-14,0.0,-1.4247059018763323e-12,2.99999999999998,1.4377456402437166e-12,0.1400000000000003
mos2d,0.0,-1.3574145587965088e-14,0.0,-2.0053182571692353e-12,2.99999999999998,2.0169993793986723e-12,0.1500000000000003
mos2d,0.0,-1.357855899319468e-14,0.0,-2.8242470176923837e-12,2.99999999999998,2.8371286582817477e-12,0.1600000000000003
mos2d,0.0,-1.3708037471266055e-14,0.0,-3.9789413674791745e-12,2.99999999999998,3.991393325928977e-12,0.17000000000000032
mos2d,0.0,-1.4053042602531228e-14,0.0,-5.607865931174406e-12,2.99999999999998,5.6203445543460934e-12,0.18000000000000033
mos2d,0.0,-1.414625021807196e-14,0.0,-7.906858700665127e-12,2.99999999999998,7.919900092831216e-12,0.19000000000000034
mos2d,0.0,-1.3957883057785491e-14,0.0,-1.1151456513569889e-11,2.99999999999998,1.116442679983533e-11,0.20000000000000034
mos2d,0.0,-1.3880328447891372e-14,0.0,-1.5732473779391897e-11,2.99999999999998,1.5744392060590832e-11,0.21000000000000035
mos2d,0.0,-1.472869507893986e-14,0.0,-2.2200293248207136e-11,2.99999999999998,2.2213138087770683e-11,0.22000000000000036
mos2d,0.0,-1.429874695877809e-14,0.0,-3.133435837688812e-11,2.99999999999998,3.1347826228982165e-11,0.23000000000000037
mos2d,0.0,-1.4318376497607597e-14,0.0,-4.42351173451657e-11,2.99999999999998,4.424796806822275e-11,0.24000000000000038
mos2d,0.0,-1.4704379435544855e-14,0.0,-6.245797506209828e-11,2.99999999999998,6.247134448455814e-11,0.2500000000000004
mos2d,0.0,-1.504995062233547e-14,0.0,-8.820081206046306e-11,2.99999999999998,8.82145375270903e-11,0.2600000000000004
mos2d,0.0,-1.4315303286378492e-14,0.0,-1.2457022193579559e-10,2.99999999999998,1.2458382507314908e-10,0.2700000000000004
mos2d,0.0,-1.477657401012006e-14,0.0,-1.75955293072587e-10,2.99999999999998,1.7596917452433215e-10,0.2800000000000004
mos2d,0.0,-1.4251215793191084e-14,0.0,-2.4856009446441004e-10,2.99999999999998,2.485734493209496e-10,0.2900000000000004
mos2d,0.0,-1.4395699203947717e-14,0.0,-3.511499801639431e-10,2.99999999999998,3.511633843889477e-10,0.30000000000000043
mos2d,0.0,-1.450609975495566e-14,0.0,-4.961094327970809e-10,2.99999999999998,4.96122379867155e-10,0.31000000000000044
mos2d,0.0,-1.3982772899081608e-14,0.0,-7.009360324839169e-10,2.99999999999998,7.00948701769395e-10,0.32000000000000045
mos2d,0.0,-1.3892382821771502e-14,0.0,-9.90344031504894e-10,2.99999999999998,9.903566200885705e-10,0.33000000000000046
mos2d,0.0,-1.3534828524468743e-14,0.0,-1.3992361017166089e-09,2.99999999999998,1.399248658132938e-09,0.34000000000000047
mos2d,0.0,-1.3120607674873024e-14,0.0,-1.9768918411616644e-09,2.99999999999998,1.976904192117658e-09,0.3500000000000005
mos2d,0.0,-1.3226314466417754e-14,0.0,-2.7928630057666433e-09,2.99999999999998,2.792874726190357e-09,0.3600000000000005
mos2d,0.0,-1.34384408706133e-14,0.0,-3.9452726319649505e-09,2.99999999999998,3.945283708482787e-09,0.3700000000000005
mos2d,0.0,-1.2301612234138679e-14,0.0,-5.572475040129153e-09,2.99999999999998,5.572486688344275e-09,0.3800000000000005
mos2d,0.0,-1.2286705631726856e-14,0.0,-7.86940984071708e-09,2.99999999999998,7.869421114113774e-09,0.3900000000000005
mos2d,0.0,-1.2364556528671396e-14,0.0,-1.1110486746259414e-08,2.99999999999998,1.1110497296172706e-08,0.4000000000000005
mos2d,0.0,-1.2175191779851201e-14,0.0,-1.568150473520491e-08,2.99999999999998,1.5681516216385815e-08,0.41000000000000053
mos2d,0.0,-1.1399848084872978e-14,0.0,-2.212398726092243e-08,2.99999999999998,2.212399781948014e-08,0.42000000000000054
mos2d,0.0,-1.1587843182980064e-14,0.0,-3.1196397293930075e-08,2.99999999999998,3.1196407762549085e-08,0.43000000000000055
mos2d,0.0,-1.1496280279830667e-14,0.0,-4.39580011102877e-08,2.99999999999998,4.3958011962521915e-08,0.44000000000000056
mos2d,0.0,-1.1159475516827788e-14,0.0,-6.188251625374378e-08,2.99999999999998,6.188252643790279e-08,0.45000000000000057
mos2d,0.0,-1.0931159896649157e-14,0.0,-8.700983194260177e-08,2.99999999999998,8.700984186441572e-08,0.4600000000000006
mos2d,0.0,-1.1028160945983994e-14,0.0,-1.2214441235508852e-07,2.99999999999998,1.221444213558329e-07,0.4700000000000006
mos2d,0.0,-1.073333026027207e-14,0.0,-1.711073379634152e-07,2.99999999999998,1.7110734708337627e-07,0.4800000000000006
mos2d,0.0,-1.0872964436274415e-14,0.0,-2.390436026542266e-07,2.99999999999998,2.390436115071219e-07,0.4900000000000006
mos2d,0.0,-1.0515958301482894e-14,0.0,-3.3277508038015446e-07,2.99999999999998,3.32775086945979e-07,0.5000000000000006
mos2d,0.0,-1.0269103171197616e-14,0.0,-4.611706432345987e-07,2.99999999999998,4.6117064702582176e-07,0.5100000000000006
mos2d,0.0,-1.0211704544187686e-14,0.0,-6.35478824926092e-07,2.99999999999998,6.354788226918507e-07,0.5200000000000006
mos2d,0.0,-1.025063254147926e-14,0.0,-8.695409596305037e-07,2.99999999999998,8.69540944796507e-07,0.5300000000000006
mos2d,0.0,-9.943564707639302e-15,0.0,-1.1797872847443105e-06,2.99999999999998,1.1797872504720015e-06,0.5400000000000006
mos2d,0.0,-9.973111461962762e-15,0.0,-1.5849330171935613e-06,2.99999999999998,1.5849329500861978e-06,0.5500000000000006
mos2d,0.0,-9.513071246499134e-15,0.0,-2.1053474366151696e-06,2.99999999999998,2.1053473249436876e-06,0.5600000000000006
mos2d,0.0,-9.603971615284434e-15,0.0,-2.7621564317912453e-06,2.99999999999998,2.7621562597672008e-06,0.5700000000000006
mos2d,0.0,-9.488790240062191e-15,0.0,-3.5762219679162215e-06,2.99999999999998,3.5762217198959295e-06,0.5800000000000006
mos2d,0.0,-9.530413848453509e-15,0.0,-4.5671781651566125e-06,2.99999999999998,4.567177824646649e-06,0.5900000000000006
mos2d,0.0,-9.394589999884888e-15,0.0,-5.752675072957405e-06,2.99999999999998,5.752674616937847e-06,0.6000000000000006
mos2d,0.0,-9.798074905164355e-15,0.0,-7.147907293342646e-06,2.99999999999998,7.14790669197186e-06,0.6100000000000007
mos2d,0.0,-9.599431363042985e-15,0.0,-8.765425090013643e-06,2.99999999999998,8.765424302501801e-06,0.6200000000000007
mos2d,0.0,-9.40181144260303e-15,0.0,-1.0615171651783998e-05,2.99999999999998,1.0615170622763503e-05,0.6300000000000007
mos2d,0.0,-1.0219568047826149e-14,0.0,-1.2704670369111824e-05,2.99999999999998,1.2704669022735922e-05,0.6400000000000007
mos2d,0.0,-9.374346808080377e-15,0.0,-1.5039291701205262e-05,2.99999999999998,1.503928993633555e-05,0.6500000000000007
mos2d,0.0,-9.754911417008864e-15,0.0,-1.7622546826696664e-05,2.99999999999998,1.762254451189196e-05,0.6600000000000007
mos2d,0.0,-9.98045693291659e-15,0.0,-2.0456374429351977e-05,2.99999999999998,2.0456371395740353e-05,0.6700000000000007
mos2d,0.0,-9.836450711039202e-15,0.0,-2.3541402485375334e-05,2.99999999999998,2.354139852165669e-05,0.6800000000000007
mos2d,0.0,-9.970937988423858e-15,0.0,-2.6877177573232686e-05,2.99999999999998,2.6877172416567667e-05,0.6900000000000007
mos2d,0.0,-9.512774597639106e-15,0.0,-3.0462360626895155e-05,2.99999999999998,3.046235395301509e-05,0.7000000000000007
mos2d,0.0,-9.363642721848588e-15,0.0,-3.429489141122257e-05,2.99999999999998,3.429488282673841e-05,0.7100000000000007
mos2d,0.0,-9.391794488387715e-15,0.0,-3.8372125464993265e-05,2.99999999999998,3.83721144992009e-05,0.7200000000000008
mos2d,0.0,-8.528790037593365e-15,0.0,-4.2690947588476753e-05,2.99999999999998,4.2690933682775246e-05,0.7300000000000008
mos2d,0.0,-7.972179111857741e-15,0.0,-4.724786576643353e-05,2.99999999999998,4.72478482668914e-05,0.7400000000000008
mos2d,0.0,-6.744758116317015e-15,0.0,-5.2039088944047224e-05,2.99999999999998,5.2039067093459695e-05,0.7500000000000008
mos2d,0.0,-5.8204398343168705e-15,0.0,-5.706059156517065e-05,2.99999999999998,5.706056449529066e-05,0.7600000000000008
mos2d,0.0,-3.8109955680869395e-15,0.0,-6.230816727653042e-05,2.99999999999998,6.230813400121324e-05,0.7700000000000008
mos2d,0.0,-2.1912016904906386e-15,0.0,-6.777747374992992e-05,2.99999999999998,6.777743316277972e-05,0.7800000000000008
mos2d,0.0,9.022830610589903e-16,0.0,-7.346407021863698e-05,2.99999999999998,7.346402108949904e-05,0.7900000000000008
mos2d,0.0,-1.0461418689718372e-14,0.0,-7.936363693949176e-05,2.99999999999998,7.936363404649779e-05,0.8000000000000008
mos2d,0.0,-1.0931310951526086e-14,0.0,-8.547127856091507e-05,2.99999999999998,8.547127476894471e-05,0.8100000000000008
mos2d,0.0,-1.0633729087450982e-14,0.0,-9.178259099256501e-05,2.99999999999998,9.178258609874386e-05,0.8200000000000008
mos2d,0.0,-1.0734737421506317e-14,0.0,-9.829300887353125e-05,2.99999999999998,9.829300264307687e-05,0.8300000000000008
mos2d,0.0,-1.0799165318142295e-14,0.0,-0.00010499798363517056,2.99999999999998,0.00010499797580814849,0.8400000000000009
mos2d,0.0,-1.1130513337861158e-14,0.0,-0.00011189299699221031,2.99999999999998,0.00011189298727614829,0.8500000000000009
mos2d,0.0,-1.0900039202118745e-14,0.0,-0.0001189735723076088,2.99999999999998,0.00011897356038639011,0.8600000000000009
mos2d,0.0,-1.09853474701741e-14,0.0,-0.00012623528410706512,2.99999999999998,0.00012623526963779165,0.8700000000000009
mos2d,0.0,-1.0765181172551855e-14,0.0,-0.0001336737659419634,2.99999999999998,0.00013367374855821339,0.8800000000000009
mos2d,0.0,-1.0804729311474958e-14,0.0,-0.00014128471678004286,2.99999999999998,0.00014128469609529337,0.8900000000000009
mos2d,0.0,-1.0550060517898568e-14,0.0,-0.00014906390609213723,2.99999999999998,0.00014906388170690197,0.9000000000000009
mos2d,0.0,-1.0534761612403094e-14,0.0,-0.00015700717780296522,2.99999999999998,0.00015700714930334955,0.9100000000000009
mos2d,0.0,-9.998301952985969e-15,0.0,-0.0001651104532928028,2.99999999999998,0.00016511042026429856,0.9200000000000009
mos2d,0.0,-9.836157158835679e-15,0.0,-0.00017336973365792249,2.99999999999998,0.00017336969568596295,0.9300000000000009
mos2d,0.0,-9.107277171772278e-15,0.0,-0.00018178110141179628,2.99999999999998,0.00018178105809309286,0.940000000000001
mos2d,0.0,-9.136126954030547e-15,0.0,-0.00019034072180635782,2.99999999999998,0.00019034067275536349,0.950000000000001
mos2d,0.0,-8.448161478830284e-15,0.0,-0.00019904484388385152,2.99999999999998,0.00019904478874602466,0.960000000000001
mos2d,0.0,-8.072594147855354e-15,0.0,-0.00020788980134110624,2.99999999999998,0.00020788973979618053,0.970000000000001
mos2d,0.0,-7.558772805033177e-15,0.0,-0.00021687201323843615,2.99999999999998,0.0002168719450163838,0.980000000000001
mos2d,0.0,-6.826286596463035e-15,0.0,-0.00022598798457280824,2.99999999999998,0.00022598790945496067,0.990000000000001
mos2d,0.0,-6.058645766714364e-15,0.0,-0.00023523430674378087,2.99999999999998,0.0002352342245737011,1.0000000000000009
mos2d,0.0,-5.229393357600024e-15,0.0,-0.00024460765796449244,2.99999999999998,0.0002446075686504783,1.010000000000001
mos2d,0.0,-4.276758216698048e-15,0.0,-0.0002541048036840708,2.99999999999998,0.0002541047071981085,1.020000000000001
mos2d,0.0,-3.0363615220568535e-15,0.0,-0.0002637225970544234,2.99999999999998,0.00026372249343037423,1.030000000000001
mos2d,0.0,-2.1896619287965984e-15,0.0,-0.0002734579793997572,2.99999999999998,0.0002734578687183106,1.040000000000001
mos2d,0.0,-6.797118987211629e-16,0.0,-0.0002833079805407573,2.99999999999998,0.0002833078629177514,1.050000000000001
mos2d,0.0,-1.1954043983534152e-14,0.0,-0.0002932702258769856,2.99999999999998,0.00029327018564688235,1.060000000000001
mos2d,0.0,-1.2428812797869648e-14,0.0,-0.00030334094473560136,2.99999999999998,0.00030334089945760245,1.070000000000001
mos2d,0.0,-1.225520586052325e-14,0.0,-0.0003135179027079254,2.99999999999998,0.00031351785205846136,1.080000000000001
mos2d,0.0,-1.216643768785752e-14,0.0,-0.00032379847567559736,2.99999999999998,0.0003237984191098379,1.090000000000001
mos2d,0.0,-1.234508902274885e-14,0.0,-0.0003341801216178528,2.99999999999998,0.00033418005852836483,1.100000000000001
mos2d,0.0,-1.2496846009054708e-14,0.0,-0.0003446603759626847,2.99999999999998,0.00034466030568154783,1.110000000000001
mos2d,0.0,-1.278308834918028e-14,0.0,-0.0003552368476375972,2.99999999999998,0.0003552367694330435,1.120000000000001
mos2d,0.0,-1.235995034176066e-14,0.0,-0.00036590721497603817,2.99999999999998,0.00036590712805888165,1.130000000000001
mos2d,0.0,-1.2233613092145378e-14,0.0,-0.0003766692216184927,2.99999999999998,0.00037666912515048833,1.140000000000001
mos2d,0.0,-1.2201177928256025e-14,0.0,-0.00038752067254640055,2.99999999999998,0.0003875205656497617,1.150000000000001
mos2d,0.0,-1.2631447960620537e-14,0.0,-0.00039845943036854526,2.99999999999998,0.00039845931213921073,1.160000000000001
mos2d,0.0,-1.2537899269060281e-14,0.0,-0.00040948341203681486,2.99999999999998,0.0004094832815622562,1.170000000000001
mos2d,0.0,-1.2797929279838322e-14,0.0,-0.00042059058619840864,2.99999999999998,0.0004205904425777766,1.180000000000001
mos2d,0.0,-1.2227273215302834e-14,0.0,-0.0004317789714287067,2.99999999999998,0.0004317788137931775,1.190000000000001
mos2d,0.0,-1.2094737776491058e-14,0.0,-0.0004430466355271084,2.99999999999998,0.00044304646305739717,1.200000000000001
mos2d,0.0,-1.2420249410059734e-14,0.0,-0.0004543916959067026,2.99999999999998,0.0004543915078489601,1.210000000000001
mos2d,0.0,-1.2359295029112615e-14,0.0,-0.00046581232084165995,2.99999999999998,0.0004658121165132464,1.220000000000001
mos2d,0.0,-1.1940750331089822e-14,0.0,-0.0004773067310714106,2.99999999999998,0.0004773065098541003,1.230000000000001
mos2d,0.0,-1.1689141361813565e-14,0.0,-0.0004888732010955964,2.99999999999998,0.000488872962429428,1.240000000000001
mos2d,0.0,-1.1760845015944052e-14,0.0,-0.0005005100595691437,2.99999999999998,0.0005005098029265326,1.250000000000001
mos2d,0.0,-1.1645525197473137e-14,0.0,-0.0005122156884367189,2.99999999999998,0.0005122154133089915,1.2600000000000011
mos2d,0.0,-1.1591325448166637e-14,0.0,-0.0005239885208356616,2.99999999999998,0.000523988226717687,1.2700000000000011
mos2d,0.0,-1.1315822385082543e-14,0.0,-0.0005358270381169975,2.99999999999998,0.0005358267245018849,1.2800000000000011
mos2d,0.0,-1.1108225619973767e-14,0.0,-0.0005477297665748738,2.99999999999998,0.0005477294329532065,1.2900000000000011
mos2d,0.0,-1.1195310147084836e-14,0.0,-0.0005596952745259546,2.99999999999998,0.0005596949203803835,1.3000000000000012
mos2d,0.0,-1.1005624451683192e-14,0.0,-0.0005717221702661918,2.99999999999998,0.0005717217950599203,1.3100000000000012
mos2d,0.0,-1.0305773815419554e-14,0.0,-0.0005838091011250229,2.99999999999998,0.0005838087042761155,1.3200000000000012
mos2d,0.0,-1.0400371993767233e-14,0.0,-0.0005959547534834924,2.99999999999998,0.0005959543343202091,1.3300000000000012
mos2d,0.0,-1.0296290183833735e-14,0.0,-0.000608157853250431,2.99999999999998,0.0006081574109614364,1.3400000000000012
mos2d,0.0,-9.874714288401148e-15,0.0,-0.0006204171661493891,2.99999999999998,0.0006204166997397095,1.3500000000000012
mos2d,0.0,-1.3572642747554804e-14,0.0,-0.0006327317734899177,2.99999999999998,0.0006327316870105616,1.3600000000000012
mos2d,0.0,-1.3648078524091439e-14,0.0,-0.0006450999890516036,2.99999999999998,0.0006450998925834174,1.3700000000000012
mos2d,0.0,-1.3360785583674525e-14,0.0,-0.0006575209533383672,2.99999999999998,0.0006575208476485298,1.3800000000000012
mos2d,0.0,-1.3849318201496335e-14,0.0,-0.0006699935685063196,2.99999999999998,0.0006699934529338806,1.3900000000000012
mos2d,0.0,-1.3847300554107639e-14,0.0,-0.0006825167727074176,2.99999999999998,0.0006825166466171543,1.4000000000000012
mos2d,0.0,-1.3951596928354518e-14,0.0,-0.0006950895292117168,2.99999999999998,0.0006950893920223503,1.4100000000000013
mos2d,0.0,-1.4090449683424678e-14,0.0,-0.0007077108237974802,2.99999999999998,0.0007077106750079553,1.4200000000000013
mos2d,0.0,-1.3950366375924117e-14,0.0,-0.0007203796630450268,2.99999999999998,0.0007203795022495959,1.4300000000000013
mos2d,0.0,-1.3943064948808409e-14,0.0,-0.000733095073759257,2.99999999999998,0.000733094900660115,1.4400000000000013
mos2d,0.0,-1.4131263113559981e-14,0.0,-0.0007458561036432442,2.99999999999998,0.000745855918045378,1.4500000000000013
mos2d,0.0,-1.400952779168141e-14,0.0,-0.0007586618231744825,2.99999999999998,0.0007586616249697741,1.4600000000000013
mos2d,0.0,-1.4099097969673616e-14,0.0,-0.0007715113283830932,2.99999999999998,0.0007715111175114125,1.4700000000000013
mos2d,0.0,-1.3957173960224802e-14,0.0,-0.0007844037439558842,2.99999999999998,0.0007844035203653396,1.4800000000000013
mos2d,0.0,-1.4226319896397098e-14,0.0,-0.0007973382258773552,2.99999999999998,0.0007973379894825025,1.4900000000000013
mos2d,0.0,-1.4018214195475575e-14,0.0,-0.0008103139628151543,2.99999999999998,0.0008103137134701601,1.5000000000000013
mos2d,0.0,-1.3897700807049282e-14,0.0,-0.0008233301757113648,2.99999999999998,0.0008233299132040999,1.5100000000000013
mos2d,0.0,-1.3892721064182123e-14,0.0,-0.000836386115454041,2.99999999999998,0.0008363858395186956,1.5200000000000014
mos2d,0.0,-1.3508757001614223e-14,0.0,-0.0008494810589272435,2.99999999999998,0.0008494807692729184,1.5300000000000014
mos2d,0.0,-1.3849621392496544e-14,0.0,-0.0008626143040003157,2.99999999999998,0.0008626140003405053,1.5400000000000014
mos2d,0.0,-1.4015163605702095e-14,0.0,-0.000875785164091862,2.99999999999998,0.0008757848461777804,1.5500000000000014
mos2d,0.0,-1.411736820554226e-14,0.0,-0.0008889929628504593,2.99999999999998,0.0008889926305011273,1.5600000000000014
mos2d,0.0,-1.367539379119869e-14,0.0,-0.0009022370293626347,2.99999999999998,0.0009022366824950047,1.5700000000000014
mos2d,0.0,-1.3787465261177049e-14,0.0,-0.0009155166941555443,2.99999999999998,0.0009155163328199846,1.5800000000000014
mos2d,0.0,-1.3927788899318157e-14,0.0,-0.0009288312861406835,2.99999999999998,0.0009288309105668128,1.5900000000000014
mos2d,0.0,-1.3709300123026312e-14,0.0,-0.0009421801305753639,2.99999999999998,0.0009421797412175176,1.6000000000000014
mos2d,0.0,-1.3276301161697841e-14,0.0,-0.0009555625480698523,2.99999999999998,0.0009555621456567304,1.6100000000000014
mos2d,0.0,-1.3612886018685481e-14,0.0,-0.0009689778546889946,2.99999999999998,0.0009689774402649037,1.6200000000000014
mos2d,0.0,-1.3212607624755593e-14,0.0,-0.0009824253632244662,2.99999999999998,0.0009824249381702498,1.6300000000000014
mos2d,0.0,-1.3507456262205658e-14,0.0,-0.0009959043857720284,2.99999999999998,0.0009959039517860057,1.6400000000000015
mos2d,0.0,-1.3108227011101055e-14,0.0,-0.0010094142376904207,2.99999999999998,0.001009413796720839,1.6500000000000015
mos2d,0.0,-1.3129162663139579e-14,0.0,-0.0010229542428713875,2.99999999999998,0.0010229537969877911,1.6600000000000015
mos2d,0.0,-1.3234547492714077e-14,0.0,-0.0010365237399142938,2.99999999999998,0.001036523291123345,1.6700000000000015
mos2d,0.0,-1.3066906293529889e-14,0.0,-0.001050122088419544,2.99999999999998,0.0010501216384643337,1.6800000000000015
mos2d,0.0,-1.4825229055551474e-14,0.0,-0.0010637491596772273,2.99999999999998,0.0010637489881755373,1.6900000000000015
mos2d,0.0,-1.5031998487014608e-14,0.0,-0.0010774033799726603,2.99999999999998,0.0010774031990546447,1.7000000000000015
mos2d,0.0,-1.4909161907518162e-14,0.0,-0.0010910847195215747,2.99999999999998,0.0010910845320811235,1.7100000000000015
mos2d,0.0,-1.4719413291232484e-14,0.0,-0.0011047926344620142,2.99999999999998,0.0011047924403153996,1.7200000000000015
mos2d,0.0,-1.5150859228326093e-14,0.0,-0.001118526625979902,2.99999999999998,0.0011185264249329678,1.7300000000000015
mos2d,0.0,-1.4870739704405318e-14,0.0,-0.0011322862167177953,2.99999999999998,0.0011322860086327492,1.7400000000000015
mos2d,0.0,-1.5102916639010606e-14,0.0,-0.0011460709460855796,2.99999999999998,0.001146070730899639,1.7500000000000016
mos2d,0.0,-1.5043189080232706e-14,0.0,-0.001159880366052092,2.99999999999998,0.001159880143783258,1.7600000000000016
mos2d,0.0,-1.4894175176579732e-14,0.0,-0.0011737140374848286,2.99999999999998,0.0011737138082519652,1.7700000000000016
mos2d,0.0,-1.5017135487487596e-14,0.0,-0.0011875715270651334,2.99999999999998,0.001187571291100617,1.7800000000000016
mos2d,0.0,-1.4678834563676558e-14,0.0,-0.0012014524047232167,2.99999999999998,0.0012014521623849273,1.7900000000000016
mos2d,0.0,-1.5631774184697318e-14,0.0,-0.0012153562415110073,2.99999999999998,0.0012153559933113006,1.8000000000000016
mos2d,0.0,-1.523684738977621e-14,0.0,-0.0012292826078529233,2.99999999999998,0.0012292823544773146,1.8100000000000016
mos2d,0.0,-1.5231211458980575e-14,0.0,-0.0012432310722145065,2.99999999999998,0.0012432308145365364,1.8200000000000016
mos2d,0.0,-1.515889532662053e-14,0.0,-0.001257201200299002,2.99999999999998,0.001257200939388878,1.8300000000000016
mos2d,0.0,-1.531750955671148e-14,0.0,-0.0012711925549807811,2.99999999999998,0.001271192292094066,1.8400000000000016
mos2d,0.0,-1.4819130646350765e-14,0.0,-0.0012852046972376024,2.99999999999998,0.001285204433772048,1.8500000000000016
mos2d,0.0,-1.5341480086697416e-14,0.0,-0.0012992371882890963,2.99999999999998,0.0012992369257185815,1.8600000000000017
mos2d,0.0,-1.4932614025360214e-14,0.0,-0.0013132895930287865,2.99999999999998,0.0013132893327959638,1.8700000000000017
mos2d,0.0,-1.5168460782943732e-14,0.0,-0.001327361484511158,2.99999999999998,0.0013273612279090837,1.8800000000000017
mos2d,0.0,-1.4860453697427717e-14,0.0,-0.0013414524489461942,2.99999999999998,0.0013414521970038732,1.8900000000000017
mos2d,0.0,-1.4960873049154025e-14,0.0,-0.0013555620903349108,2.99999999999998,0.00135556184374296,1.9000000000000017
mos2d,0.0,-1.511927675517782e-14,0.0,-0.0013696900338581544,2.99999999999998,0.001369689792963494,1.9100000000000017
mos2d,0.0,-1.4952219056811358e-14,0.0,-0.0013838359273649378,2.99999999999998,0.0013838356922303947,1.9200000000000017
mos2d,0.0,-1.4774921384301495e-14,0.0,-0.0013979994408120486,2.99999999999998,0.0013979992113135606,1.9300000000000017
mos2d,0.0,-1.488883891190604e-14,0.0,-0.0014121802639863997,2.99999999999998,0.0014121800399229272,1.9400000000000017
mos2d,0.0,-1.4680113833357743e-14,0.0,-0.0014263781031628594,2.99999999999998,0.001426377884345411,1.9500000000000017
mos2d,0.0,-1.4759269795332582e-14,0.0,-0.0014405926773713965,2.99999999999998,0.0014405924636690763,1.9600000000000017
mos2d,0.0,-1.4925464563398664e-14,0.0,-0.001454823714793228,2.99999999999998,0.0014548235061613295,1.9700000000000017
mos2d,0.0,-1.501888150095826e-14,0.0,-0.0014690709495944513,2.99999999999998,0.0014690707460714096,1.9800000000000018
mos2d,0.0,-1.4812920759408474e-14,0.0,-0.0014833341192800897,2.99999999999998,0.0014833339209857977,1.9900000000000018
mos2d,0.0,-1.4908624523251904e-14,0.0,-0.0014976129625429845,2.99999999999998,0.001497612769684314,2.0000000000000018
mos2d,0.0,-1.4573157797752533e-14,0.0,-0.0015119072175053601,2.99999999999998,0.0015119070303855316,2.0100000000000016
mos2d,0.0,-1.4719899819653736e-14,0.0,-0.0015262166202270164,2.99999999999998,0.001526216439270211,2.0200000000000014
mos2d,0.0,-1.4663374519467613e-14,0.0,-0.0015405409033672898,2.99999999999998,0.0015405407291595188,2.030000000000001
mos2d,0.0,-1.5580019723030713e-14,0.0,-0.0015548793447876046,2.99999999999998,0.0015548792866637968,2.040000000000001
mos2d,0.0,-1.5589668894840464e-14,0.0,-0.0015692324991115724,2.99999999999998,0.0015692324413733138,2.0500000000000007
mos2d,0.0,-1.598257484058903e-14,0.0,-0.0015835997261893786,2.99999999999998,0.0015835996727691594,2.0600000000000005
mos2d,0.0,-1.5687783177435996e-14,0.0,-0.0015979807014623116,2.99999999999998,0.0015979806533965876,2.0700000000000003
mos2d,0.0,-1.5459759836032207e-14,0.0,-0.0016123751183960591,2.99999999999998,0.0016123750767661044,2.08
mos2d,0.0,-1.552419320081687e-14,0.0,-0.0016267826594185716,2.99999999999998,0.00162678262553194,2.09
mos2d,0.0,-1.5522331169762554e-14,0.0,-0.0016412029944442282,2.99999999999998,0.0016412029698385693,2.0999999999999996
mos2d,0.0,-1.5724527899735246e-14,0.0,-0.0016556357814750315,2.99999999999998,0.0016556357678734692,2.1099999999999994
mos2d,0.0,-1.5584713992852575e-14,0.0,-0.001670080669106181,2.99999999999998,0.0016700806683095743,2.119999999999999
mos2d,0.0,-1.583927538864383e-14,0.0,-0.0016845373015212184,2.99999999999998,0.001684537315206394,2.129999999999999
mos2d,0.0,-1.5994208346027484e-14,0.0,-0.0016990053260874717,2.99999999999998,0.0016990053555407494,2.139999999999999
mos2d,0.0,-1.5570946979526185e-14,0.0,-0.0017134844028598932,2.99999999999998,0.0017134844487120531,2.1499999999999986
mos2d,0.0,-1.6033647320109404e-14,0.0,-0.0017279742143233479,2.99999999999998,0.0017279742763936935,2.1599999999999984
mos2d,0.0,-1.6131011716822914e-14,0.0,-0.0017424744731069654,2.99999999999998,0.0017424745504676937,2.169999999999998
mos2d,0.0,-1.5748016817147703e-14,0.0,-0.0017569849257139877,2.99999999999998,0.001756985016981466,2.179999999999998
mos2d,0.0,-1.5795635980164092e-14,0.0,-0.001771505351531246,2.99999999999998,0.0017715054552880903,2.1899999999999977
mos2d,0.0,-1.5552176104451075e-14,0.0,-0.0017860355579187844,2.99999999999998,0.0017860356730797628,2.1999999999999975
mos2d,0.0,-1.5797636511526342e-14,0.0,-0.0018005753731012099,2.99999999999998,0.0018005754991133338,2.2099999999999973
mos2d,0.0,-1.610627694743634e-14,0.0,-0.001815124638656907,2.99999999999998,0.0018151247755254611,2.219999999999997
mos2d,0.0,-1.571721207025632e-14,0.0,-0.0018296832027893345,2.99999999999998,0.001829683350984442,2.229999999999997
mos2d,0.0,-1.5859191828758377e-14,0.0,-0.0018442509149006786,2.99999999999998,0.0018442510752542502,2.2399999999999967
mos2d,0.0,-1.5860459467031336e-14,0.0,-0.0018588276215042183,2.99999999999998,0.0018588277951185359,2.2499999999999964
mos2d,0.0,-1.5740745962800067e-14,0.0,-0.0018734131632450232,2.99999999999998,0.0018734133514360346,2.2599999999999962
mos2d,0.0,-1.5283025059242937e-14,0.0,-0.001888007372738833,2.99999999999998,0.001888007577015371,2.269999999999996
mos2d,0.0,-1.5701976730381668e-14,0.0,-0.0019026100729707023,2.99999999999998,0.0019026102950273573,2.279999999999996
mos2d,0.0,-1.53126143127196e-14,0.0,-0.001917221076093425,2.99999999999998,0.0019172213178180687,2.2899999999999956
mos2d,0.0,-1.577622139456364e-14,0.0,-0.0019318401826105864,2.99999999999998,0.0019318404460916567,2.2999999999999954
mos2d,0.0,-1.5517756819773985e-14,0.0,-0.0019464671810734482,2.99999999999998,0.0019464674686035003,2.309999999999995
mos2d,0.0,-1.5787069476574127e-14,0.0,-0.0019611018485705778,2.99999999999998,0.0019611021626299145,2.319999999999995
mos2d,0.0,-1.5257762748030015e-14,0.0,-0.0019757439523747037,2.99999999999998,0.0019757442955598407,2.3299999999999947
mos2d,0.0,-1.568343227289092e-14,0.0,-0.001990393253094595,2.99999999999998,0.0019903936279919107,2.3399999999999945
mos2d,0.0,-1.5192519467071902e-14,0.0,-0.0020050495094927076,2.99999999999998,0.002005049918460165,2.3499999999999943
mos2d,0.0,-1.562029416079243e-14,0.0,-0.002019712484717719,2.99999999999998,0.002019712929616813,2.359999999999994
mos2d,0.0,-1.5223343908048014e-14,0.0,-0.002034381953186602,2.99999999999998,0.0020343824351288136,2.369999999999994
mos2d,0.0,-1.5411393996095267e-14,0.0,-0.002049057706895958,2.99999999999998,0.0020490582260989662,2.3799999999999937
mos2d,0.0,-1.5427579273145595e-14,0.0,-0.0020637395598508217,2.99999999999998,0.0020637401157035337,2.3899999999999935
mos2d,0.0,-1.6686107716721333e-14,0.0,-0.0020784262956492837,2.99999999999998,0.002078426431106401,2.3999999999999932
mos2d,0.0,-1.5910817465329613e-14,0.0,-0.002093119829501291,2.99999999999998,0.002093119972659787,2.409999999999993
mos2d,0.0,-1.6307706807595037e-14,0.0,-0.0021078190606524,2.99999999999998,0.0021078192120530747,2.419999999999993
mos2d,0.0,-1.6503391876077005e-14,0.0,-0.0021225238625894355,2.99999999999998,0.002122524022897601,2.4299999999999926
mos2d,0.0,-1.6804916092547552e-14,0.0,-0.002137234136569331,2.99999999999998,0.002137234306393634,2.4399999999999924
mos2d,0.0,-1.6625893676874876e-14,0.0,-0.002151949791441223,2.99999999999998,0.0021519499715510334,2.449999999999992
mos2d,0.0,-1.6375096161754885e-14,0.0,-0.0021666707389256987,2.99999999999998,0.002166670930186201,2.459999999999992
mos2d,0.0,-1.657014519521795e-14,0.0,-0.0021813968913304226,2.99999999999998,0.0021813970946404047,2.4699999999999918
mos2d,0.0,-1.620186212479971e-14,0.0,-0.0021961281600829607,2.99999999999998,0.0021961283763419224,2.4799999999999915
mos2d,0.0,-1.64841199389791e-14,0.0,-0.002210864454897046,2.99999999999998,0.0022108646849763615,2.4899999999999913
mos2d,0.0,-1.625983611377101e-14,0.0,-0.002225605683397929,2.99999999999998,0.0022256059281310215,2.499999999999991
mos2d,0.0,-1.6368048738903106e-14,0.0,-0.002240351751056046,2.99999999999998,0.0022403520112365158,2.509999999999991
mos2d,0.0,-1.6212127407716795e-14,0.0,-0.0022551025613037506,2.99999999999998,0.002255102837680381,2.5199999999999907
mos2d,0.0,-1.6464070057980515e-14,0.0,-0.0022698580157639223,2.99999999999998,0.002269858309043411,2.5299999999999905
mos2d,0.0,-1.6477696763662373e-14,0.0,-0.00228461801451625,2.99999999999998,0.0022846183253689947,2.5399999999999903
mos2d,0.0,-1.64681233213956e-14,0.0,-0.0022993824563772294,2.99999999999998,0.002299382785438722,2.54999999999999
mos2d,0.0,-1.6531303971844158e-14,0.0,-0.0023141512391614857,2.99999999999998,0.0023141515870340997,2.55999999999999
mos2d,0.0,-1.6559686227753377e-14,0.0,-0.002328924259920862,2.99999999999998,0.002328924627175234,2.5699999999999896
mos2d,0.0,-1.6222725112586053e-14,0.0,-0.0023437014151430013,2.99999999999998,0.0023437018023162873,2.5799999999999894
mos2d,0.0,-1.6519442718945114e-14,0.0,-0.0023584826009130752,2.99999999999998,0.0023584830085083244,2.589999999999989
mos2d,0.0,-1.6136040138650273e-14,0.0,-0.002373267713037502,2.99999999999998,0.0023732681415232263,2.599999999999989
mos2d,0.0,-1.66046947985443e-14,0.0,-0.002388056647125491,2.99999999999998,0.0023880570969303763,2.6099999999999888
mos2d,0.0,-1.710538750913649e-14,0.0,-0.0024028483027633755,2.99999999999998,0.0024028484778055624,2.6199999999999886
mos2d,0.0,-1.6497444358920777e-14,0.0,-0.0024176445254115025,2.99999999999998,0.002417644713205402,2.6299999999999883
mos2d,0.0,-1.681005266989046e-14,0.0,-0.002432444263757484,2.99999999999998,0.0024324444641571252,2.639999999999988
mos2d,0.0,-1.6649469168369396e-14,0.0,-0.0024472474056725906,2.99999999999998,0.0024472476192070576,2.649999999999988
mos2d,0.0,-1.6824273647155434e-14,0.0,-0.002462053844316631,2.99999999999998,0.0024620540712647922,2.6599999999999877
mos2d,0.0,-1.7507151102057742e-14,0.0,-0.0024768634733598523,2.99999999999998,0.0024768637139776476,2.6699999999999875
mos2d,0.0,-1.6857144588937523e-14,0.0,-0.002491676185537896,2.99999999999998,0.002491676440061568,2.6799999999999873
mos2d,0.0,-1.7073980320324436e-14,0.0,-0.002506491872274804,2.99999999999998,0.002506492140925217,2.689999999999987
mos2d,0.0,-1.6926349189564438e-14,0.0,-0.0025213104232217672,2.99999999999998,0.0025213107062025844,2.699999999999987
mos2d,0.0,-1.6906165042000532e-14,0.0,-0.0025361317256872716,2.99999999999998,0.00253613202318897,2.7099999999999866
mos2d,0.0,-1.7670345754711318e-14,0.0,-0.0025509556639310748,2.99999999999998,0.0025509559761331827,2.7199999999999864
mos2d,0.0,-1.7096440328581464e-14,0.0,-0.0025657821183071965,2.99999999999998,0.0025657824453838474,2.729999999999986
mos2d,0.0,-1.68719587394806e-14,0.0,-0.002580610964232669,2.99999999999998,0.00258061130635948,2.739999999999986
mos2d,0.0,-1.7176087460635326e-14,0.0,-0.002595442070963328,2.99999999999998,0.002595442428325653,2.749999999999986
mos2d,0.0,-1.7139818250374456e-14,0.0,-0.002610275300170455,2.99999999999998,0.002610275672969561,2.7599999999999856
mos2d,0.0,-1.6948522543563535e-14,0.0,-0.0026251105043183878,2.99999999999998,0.002625110892791288,2.7699999999999854
mos2d,0.0,-1.6979528157579684e-14,0.0,-0.002639947524887526,2.99999999999998,0.002639947929317493,2.779999999999985
mos2d,0.0,-1.7089858112764625e-14,0.0,-0.002654786190515421,2.99999999999998,0.0026547866112578817,2.789999999999985
mos2d,0.0,-1.737540202459221e-14,0.0,-0.0026696263152108683,2.99999999999998,0.00266962675271602,2.7999999999999847
mos2d,0.0,-1.7221028152936602e-14,0.0,-0.00268446769687974,2.99999999999998,0.0026844681517162175,2.8099999999999845
mos2d,0.0,-1.736335145549849e-14,0.0,-0.0026993101165064945,2.99999999999998,0.002699310589375727,2.8199999999999843
mos2d,0.0,-1.72549393580203e-14,0.0,-0.0027141533384456595,2.99999999999998,0.00271415383016545,2.829999999999984
mos2d,0.0,-1.7373508210645506e-14,0.0,-0.0027289971123122844,2.99999999999998,0.0027289976237526796,2.839999999999984
mos2d,0.0,-1.7015952338110034e-14,0.0,-0.0027438411769059342,2.99999999999998,0.00274384170884213,2.8499999999999837
mos2d,0.0,-1.734208108366795e-14,0.0,-0.0027586852663332747,2.99999999999998,0.0027586858192040656,2.8599999999999834
mos2d,0.0,-1.7362332325732483e-14,0.0,-0.0027735291179984,2.99999999999998,0.00277352969161495,2.8699999999999832
mos2d,0.0,-1.6738880112523656e-14,0.0,-0.0027883724814975566,2.99999999999998,0.0027883730747893807,2.879999999999983
mos2d,0.0,-1.6960036415771287e-14,0.0,-0.0028032151268636367,2.99999999999998,0.0028032157378125124,2.889999999999983
mos2d,0.0,-1.718386630127848e-14,0.0,-0.0028180568504403256,2.99999999999998,0.0028180574763036546,2.8999999999999826
mos2d,0.0,-1.7362279430534437e-14,0.0,-0.002832896436898687,2.99999999999998,0.002832896706304319,2.9099999999999824
mos2d,0.0,-1.7321478334129907e-14,0.0,-0.002847735825378979,2.99999999999998,0.0028477360924705343,2.919999999999982
mos2d,0.0,-1.7674702454541838e-14,0.0,-0.0028625738398978537,2.99999999999998,0.002862574102212708,2.929999999999982
mos2d,0.0,-1.7244346873992604e-14,0.0,-0.002877410381863139,2.99999999999998,0.0028774106390442975,2.9399999999999817
mos2d,0.0,-1.731198947311315e-14,0.0,-0.0028922453624259234,2.99999999999998,0.002892245614093655,2.9499999999999815
mos2d,0.0,-1.756317360842587e-14,0.0,-0.002907078712047355,2.99999999999998,0.0029070789576989124,2.9599999999999813
mos2d,0.0,-1.734832950486189e-14,0.0,-0.0029219103826941236,2.99999999999998,0.0029219106215787626,2.969999999999981
mos2d,0.0,-1.747611248130206e-14,0.0,-0.0029367403511137867,2.99999999999998,0.002936740582375114,2.979999999999981
mos2d,0.0,-1.721198148323605e-14,0.0,-0.002951568619984208,2.99999999999998,0.0029515688430590365,2.9899999999999807
mos2d,0.0,-1.7604435280951078e-14,0.0,-0.002966395215563383,2.99999999999998,0.002966395430582755,2.9999999999999805
